Month	OP_UNIQUE_CARRIER	ARR_DELAY	CARRIER_DELAY	WEATHER_DELAY	NAS_DELAY	LATE_AIRCRAFT_DELAY
4	DL	0				
2	DL	-10				
1	NK	-4				
6	AS	13				
2	DL	-16				
5	UA	-24				
6	HA	21	15	0	0	6
3	NK	20	0	0	20	0
12	WN	-19				
1	DL	-7				
6	AS	8				
10	WN	80	0	0	0	80
5	OO	11				
6	G4	-5				
7	OO	-10				
3	UA	-20				
4	UA	-9				
5	9E	-8				
7	WN	34	3	0	9	22
3	G4	160	0	0	121	39
6	AS	-9				
6	WN	5				
11	UA	-13				
12	OO	-35				
12	WN	7				
3	B6	844	753	0	0	91
1	UA	5				
11	WN	18	16	0	2	0
12	WN	-4				
1	AA	-2				
10	YX	-14				
10	WN	14				
10	9E	-10				
1	NK	-36				
2	WN	-2				
11	WN	-18				
9	WN	-13				
10	UA	16	0	0	3	13
3	DL	2				
6	F9	41	41	0	0	0
12	AS	56	40	0	16	0
8	AA	-25				
5	OO	-10				
11	9E	-8				
9	9E	-16				
4	AS	1				
7	YX	-9				
6	UA	108	9	0	0	99
12	AA	76	76	0	0	0
6	DL	-6				
10	UA	-32				
4	DL	6				
5	UA	30	0	0	30	0
6	AA	-23				
4	MQ	16	16	0	0	0
7	OO	1				
7	HA	44	44	0	0	0
9	AA	11				
12	AA	-26				
5	DL	13				
7	AA	-9				
7	WN	3				
8	DL	-14				
4	DL	-26				
4	WN	-14				
10	WN	-5				
10	UA	-9				
5	F9	-18				
2	MQ	26	0	0	26	0
1	NK	-4				
5	OO	-7				
10	DL	-18				
12	WN	-2				
5	UA	36	26	0	0	10
2	9E	-9				
6	DL	-39				
9	MQ	118	0	0	99	19
7	AS	2				
3	NK	-12				
8	F9	7				
5	NK	1				
4	WN	70	0	0	25	45
8	AS	-17				
12	YX	-40				
1	AA	-5				
9	DL	-34				
8	OO	-14				
8	F9	-1				
11	DL	-43				
2	AA	-1				
1	YX	-18				
1	AA	-6				
7	UA	-11				
6	UA	-11				
2	YX	37	10	0	23	4
8	HA	-3				
12	AS	0				
12	B6	-22				
6	UA	-14				
2	OO	1				
11	DL	-26				
2	WN	-4				
9	NK	-12				
4	WN	-18				
12	AA	-19				
1	WN	-11				
1	HA	6				
8	AA	94	70	0	0	24
10	DL	-17				
8	AA	31	16	0	0	15
8	B6	45	7	0	18	20
11	WN	-5				
2	AA	25	21	0	2	2
2	WN	-3				
5	YX	-9				
9	OO	-12				
7	WN	3				
9	OO	-17				
11	YX	-11				
8	AA	-28				
1	OH	-46				
6	AA	-12				
1	YX	193	0	7	92	94
12	WN	36	0	0	0	36
3	AA	16	12	0	0	4
11	OO	-18				
4	DL	-22				
9	WN	7				
5	WN	37	0	0	37	0
2	AA	-6				
2	F9	-11				
8	NK	19	6	0	13	0
5	DL	-1				
12	AA	-8				
9	DL	-17				
5	DL	-13				
1	WN	-25				
4	WN	9				
6	HA	1				
9	WN	-15				
7	AA	29	0	25	4	0
4	AA	106	57	49	0	0
12	F9	-16				
1	OO	-6				
5	G4	-8				
3	WN	-4				
2	AA	-5				
1	AA	-10				
8	AA	-9				
4	WN	-4				
5	DL	-9				
9	YX	-9				
4	AA	-18				
7	WN	58	1	0	38	19
12	WN	3				
5	WN	-11				
12	WN	64	0	0	0	64
1	WN	-8				
9	OO	1				
4	G4	1				
2	F9	-17				
9	UA	-8				
4	DL	57	57	0	0	0
11	OH	17	0	0	17	0
6	DL	-11				
1	WN	-10				
9	WN	-13				
11	AA	-11				
4	DL	-9				
10	UA	35	35	0	0	0
8	B6	-1				
2	AA	-6				
5	MQ	80	66	0	14	0
5	OO	-16				
10	AA	-9				
1	YX	-12				
6	AA	18	5	0	13	0
11	MQ	-7				
3	AS	-2				
9	DL	18	10	0	8	0
1	UA	-8				
5	F9	-10				
5	AA	-26				
2	DL	-15				
11	AA	80	0	0	0	80
7	WN	-11				
5	WN	35	2	0	2	31
12	NK	-11				
1	WN	-2				
4	9E	25	0	0	25	0
11	9E	-24				
4	WN	-25				
3	OO	-26				
7	WN	-14				
8	YX	-22				
8	F9	14				
2	UA	43	43	0	0	0
12	DL	-4				
8	DL	-11				
8	UA	-15				
7	WN	-7				
8	AS	-3				
11	DL	8				
8	WN	-16				
11	NK	3				
6	OO	-15				
12	DL	-32				
3	9E	-19				
12	AA	-11				
9	OO	-8				
5	WN	-20				
10	WN	10				
4	OO	15	15	0	0	0
10	WN	-13				
7	UA	59	0	0	59	0
11	OO	-15				
7	WN	4				
11	MQ	-16				
1	AS	77	77	0	0	0
5	WN	134	0	0	0	134
7	F9	-3				
5	WN	-5				
2	NK	3				
12	B6	20	20	0	0	0
11	MQ	-6				
6	AS	0				
5	DL	8				
1	UA	-5				
2	UA	-1				
8	NK	-9				
9	YX	-17				
1	DL	-3				
4	WN	-8				
8	UA	21	13	0	0	8
7	DL	-29				
3	UA	-9				
9	UA	-32				
9	WN	-29				
2	AA	26	3	0	0	23
7	AA	18	4	0	0	14
8	DL	-41				
5	AA	7				
7	WN	79	10	0	6	63
7	F9	41	2	0	9	30
7	NK	-20				
5	YX	-35				
7	UA	-9				
4	OO	-17				
3	DL	-15				
3	UA	42	0	0	42	0
1	WN	0				
3	AA	-9				
10	AA	-1				
1	AA	1				
1	DL	-5				
2	AA	233	7	0	18	208
3	AA	32	23	0	0	9
3	WN	27	4	0	0	23
5	DL	-17				
9	UA	-9				
9	WN	-9				
4	OO	-21				
2	AA	3				
1	WN	3				
5	F9	8				
8	WN	62	43	0	0	19
10	YX	84	0	0	0	84
6	WN	-20				
3	WN	3				
8	AA	11				
12	OO	-17				
8	AA	5				
8	F9	82	9	0	0	73
12	AA	-16				
8	AA	8				
8	AA	26	0	0	23	3
4	WN	-8				
8	UA	-13				
3	OH	-17				
1	9E	5				
8	NK	53	46	0	7	0
8	MQ	-6				
12	DL	-50				
3	DL	4				
12	AA	-14				
12	DL	-23				
1	DL	2				
6	WN	46	0	0	13	33
2	WN	-14				
12	WN	-32				
8	UA	-12				
10	DL	-5				
9	UA	15	0	0	15	0
1	AA	-27				
5	WN	-9				
6	AS	14				
9	AS	-23				
5	DL	3				
3	OO	94	0	94	0	0
8	OO	-15				
4	NK	2				
10	UA	7				
2	DL	-31				
12	UA	-18				
11	WN	-17				
2	B6	15	0	0	15	0
7	AS	-4				
2	WN	2				
1	YX	-12				
8	DL	-15				
5	UA	60	0	0	60	0
2	AA	-3				
1	UA	8				
7	B6	284	0	0	278	6
7	DL	-7				
2	YX	-20				
2	HA	3				
12	DL	2				
5	OO	-12				
11	UA	36	0	0	0	36
2	AA	19	0	0	19	0
8	OO	-10				
3	OO	-7				
6	9E	-17				
1	AS	13				
1	DL	-22				
7	UA	54	0	0	54	0
8	UA	-16				
6	WN	-15				
10	DL	-11				
9	WN	-8				
8	G4	-12				
10	WN	-16				
9	YX	-9				
3	UA	-20				
10	WN	0				
9	WN	-10				
10	WN	-13				
10	G4	18	11	0	7	0
9	DL	257	257	0	0	0
2	UA	-31				
11	WN	-24				
1	WN	4				
10	WN	4				
5	B6	-50				
7	AA	862	0	0	0	862
10	HA	0				
7	UA	-8				
12	WN	-11				
10	WN	0				
11	WN	6				
9	F9	-16				
3	AA	25	0	0	25	0
11	OO	-5				
12	YX	3				
7	WN	-4				
10	OO	-24				
6	OH	-4				
4	DL	19	11	0	0	8
8	DL	-11				
11	AA	-6				
10	NK	-33				
10	F9	11				
12	MQ	-23				
1	DL	-10				
3	DL	-13				
3	NK	97	7	0	90	0
7	WN	-13				
7	DL	-33				
10	AA	4				
5	F9	18	18	0	0	0
12	F9	3				
4	9E	-20				
1	F9	-29				
9	DL	75	75	0	0	0
1	OO	1				
8	OO	19	0	0	19	0
11	MQ	-12				
8	G4	278	45	0	40	193
3	UA	43	0	0	43	0
3	NK	-5				
3	UA	27	12	0	0	15
3	OO	-14				
4	OO	-21				
10	F9	120	120	0	0	0
7	AA	0				
10	B6	16	4	0	0	12
2	OH	-4				
4	AS	12				
7	AA	42	1	0	10	31
4	MQ	-1				
10	UA	7				
1	DL	-2				
5	UA	5				
2	WN	15	12	0	3	0
1	AA	2				
7	DL	-13				
1	WN	-13				
1	OO	-26				
9	WN	-11				
7	WN	-5				
4	YX	-22				
10	MQ	-6				
3	F9	-17				
9	WN	-17				
3	AA	-10				
10	WN	2				
8	YX	-7				
8	NK	47	0	0	47	0
11	UA	12				
9	DL	-19				
8	UA	-7				
4	UA	76	0	0	3	73
2	YX	-30				
2	WN	45	45	0	0	0
8	WN	-1				
9	WN	-12				
8	OO	-22				
5	DL	-1				
12	MQ	22	6	0	0	16
2	OO	9				
3	WN	-9				
1	WN	-24				
5	WN	-12				
10	WN	2				
1	9E	30	0	0	30	0
5	AA	-11				
10	AA	78	2	0	0	76
7	WN	-11				
11	DL	0				
12	AS	-16				
12	B6	-5				
5	F9	48	0	0	6	42
4	UA	9				
10	F9	-12				
1	UA	-8				
4	B6	-7				
4	WN	-15				
1	WN	10				
1	OO	-5				
4	WN	0				
5	B6	-18				
9	UA	-9				
11	UA	-15				
11	F9	-7				
4	B6	-14				
10	MQ	5				
11	DL	-4				
1	WN	-14				
12	AA	-10				
1	NK	12				
1	NK	-13				
1	AA	109	100	0	9	0
10	UA	-6				
11	OO	31	31	0	0	0
7	AA	-6				
2	WN	34	27	0	7	0
7	UA	19	17	0	2	0
3	NK	9				
9	DL	-14				
6	UA	-3				
3	WN	4				
9	UA	-20				
7	WN	-10				
8	OH	8				
2	NK	-14				
2	WN	-10				
1	WN	-31				
7	OH	-1				
10	AS	15	0	0	2	13
7	MQ	8				
1	DL	-14				
11	DL	-8				
9	OH	-34				
9	DL	-4				
11	AA	-1				
7	WN	-7				
9	WN	-14				
5	MQ	-8				
10	DL	-17				
5	OO	-14				
11	WN	-8				
3	AA	5				
2	9E	-20				
1	DL	-9				
5	UA	-4				
11	OO	3				
6	WN	-6				
12	AA	2484	2484	0	0	0
6	AA	4				
4	AA	-10				
11	YX	-11				
9	WN	-6				
11	OO	-33				
10	WN	-12				
7	DL	-31				
1	WN	-3				
5	DL	-7				
2	UA	-6				
4	OO	-13				
7	OO	-9				
5	9E	-22				
12	F9	3				
7	HA	10				
10	DL	-12				
1	F9	-9				
10	DL	1				
6	B6	23	5	0	4	14
5	OO	-19				
8	DL	39	39	0	0	0
10	WN	-22				
9	WN	20	0	0	0	20
6	AA	0				
8	UA	-23				
2	B6	-11				
8	AA	18	0	0	18	0
7	OO	-13				
9	OO	-21				
9	OO	-15				
8	NK	50	0	0	50	0
5	OO	-25				
10	AA	122	25	0	0	97
8	AA	-17				
5	NK	-24				
1	WN	12				
5	DL	-9				
12	WN	8				
8	DL	5				
11	AA	7				
10	G4	-11				
7	DL	-12				
3	OO	-10				
6	OO	39	39	0	0	0
11	WN	-2				
7	AA	29	4	0	3	22
6	F9	8				
8	9E	0				
9	AA	9				
5	OO	18	18	0	0	0
8	WN	-16				
7	AA	-3				
6	WN	-7				
4	DL	-37				
9	WN	-8				
9	WN	-3				
4	WN	21	4	0	0	17
11	AS	-17				
8	DL	16	0	0	16	0
7	NK	140	0	0	0	140
9	AS	-16				
3	OO	-19				
6	9E	-6				
3	OO	21	21	0	0	0
7	UA	-15				
12	AA	-6				
3	NK	29	11	0	7	11
5	F9	12				
8	OO	11				
8	AA	46	12	0	10	24
7	AA	4				
8	YX	-11				
4	DL	6				
10	UA	-17				
12	MQ	-10				
3	WN	21	0	0	0	21
7	OO	2				
12	MQ	-14				
6	UA	-18				
12	9E	-22				
2	OO	-19				
7	UA	31	14	0	17	0
6	AA	18	8	0	10	0
5	UA	-21				
3	AA	7				
3	NK	172	56	0	116	0
3	AS	-16				
3	MQ	10				
3	AA	0				
9	WN	-19				
11	9E	9				
7	WN	7				
4	B6	20	0	0	18	0
9	AS	-3				
6	YX	-4				
2	WN	-15				
7	WN	1				
6	DL	-14				
5	AA	-23				
7	YX	-39				
1	B6	372	303	0	0	69
10	YX	237	0	0	28	209
5	NK	-26				
10	YX	-29				
3	WN	4				
10	NK	119	0	110	9	0
7	AS	-11				
1	OH	-1				
3	WN	49	0	0	49	0
1	AA	-14				
8	WN	11				
12	DL	-28				
2	DL	-13				
8	AA	-21				
10	DL	-22				
11	AA	6				
11	AA	48	48	0	0	0
5	WN	-14				
2	YX	-19				
8	UA	41	0	0	41	0
12	OH	20	0	0	0	20
3	WN	-17				
8	B6	10				
9	DL	-16				
8	OO	-13				
4	F9	-14				
8	B6	17	0	0	17	0
1	WN	-11				
3	DL	-13				
6	NK	-36				
9	UA	6				
2	AA	0				
12	AS	-25				
10	MQ	-15				
3	WN	10				
7	AS	-14				
4	UA	5				
8	DL	1				
8	B6	-29				
11	WN	40	0	0	0	40
6	WN	24	15	0	9	0
5	AS	-6				
10	YX	-21				
11	G4	-23				
3	NK	-16				
5	AA	-15				
11	OO	-18				
9	AA	-12				
12	OO	-25				
7	WN	8				
8	AA	-11				
8	WN	48	0	0	48	0
9	WN	-5				
4	DL	-13				
12	DL	-11				
7	WN	8				
5	9E	-22				
12	WN	-10				
12	B6	-18				
1	YX	-15				
4	OO	7				
11	AA	-32				
1	YX	-10				
10	YX	-15				
1	G4	321	0	306	15	0
5	AA	-18				
11	WN	-1				
12	WN	-50				
8	DL	-5				
10	WN	6				
12	DL	-17				
12	OO	-7				
11	B6	-17				
12	NK	28	15	0	1	12
3	WN	-3				
4	WN	-7				
1	YX	-11				
12	WN	-4				
10	DL	122	0	0	0	122
6	AA	-32				
8	AA	-19				
10	UA	-5				
9	OO	-12				
2	MQ	12				
4	AA	0				
10	YX	-33				
3	OH	6				
5	WN	-20				
11	AA	-16				
2	AA	-1				
7	F9	-17				
3	B6	22	8	0	0	14
5	UA	40	37	0	3	0
1	OH	-19				
11	NK	149	0	0	0	149
12	AA	2				
2	UA	10				
2	UA	13				
7	WN	-10				
11	OO	-20				
12	MQ	5				
5	AS	-11				
4	MQ	74	74	0	0	0
9	G4	11				
3	DL	-17				
2	HA	15	5	0	0	10
7	AA	-1				
10	UA	28	0	0	0	28
11	DL	-29				
2	WN	-16				
9	AA	0				
10	AA	-28				
11	WN	-11				
7	OO	-13				
9	YX	158	0	0	0	158
4	AA	6				
2	WN	1				
12	DL	-27				
6	WN	42	12	0	0	30
4	WN	-11				
7	UA	2				
10	WN	2				
1	WN	34	20	0	0	14
2	OO	-23				
7	WN	-7				
9	AA	-10				
4	UA	-15				
6	UA	-13				
11	MQ	-20				
1	G4	-3				
5	MQ	3				
12	DL	3				
11	WN	-5				
6	WN	96	4	0	80	12
9	WN	-16				
12	9E	-14				
4	MQ	0				
8	WN	16	12	0	4	0
9	OO	-12				
12	WN	-4				
10	UA	39	39	0	0	0
1	WN	-11				
1	AS	-10				
1	AA	119	1	0	30	88
2	YX	-5				
5	AA	-27				
5	MQ	-8				
8	AA	5				
3	OO	29	0	0	0	29
8	YX	-5				
9	UA	-2				
10	OO	28	28	0	0	0
9	AA	5				
7	MQ	3				
6	WN	17	0	0	0	17
4	DL	8				
1	UA	-20				
5	AA	-10				
2	AA	-18				
7	F9	-1				
7	UA	9				
1	B6	34	2	0	32	0
2	YX	3				
8	DL	1				
3	B6	37	5	0	0	32
3	WN	3				
11	AA	-4				
8	UA	-11				
4	WN	24	21	0	0	3
2	UA	-4				
11	AA	-12				
10	DL	39	29	0	10	0
1	9E	-11				
12	OO	23	23	0	0	0
12	F9	82	0	0	82	0
4	UA	-5				
11	UA	-23				
11	DL	-8				
8	WN	-2				
8	UA	103	103	0	0	0
5	AA	-14				
5	AA	-9				
9	UA	-23				
4	UA	-3				
8	F9	6				
9	WN	-6				
3	AA	-16				
12	WN	0				
5	DL	-10				
5	UA	6				
4	AS	-7				
1	YX	0				
11	AA	-23				
12	B6	15	6	0	0	9
6	9E	-9				
4	AS	14				
5	DL	-8				
9	NK	0				
6	UA	35	0	0	35	0
8	WN	58	14	0	0	44
12	OO	41	0	0	41	0
6	WN	-23				
6	WN	53	0	0	0	53
10	HA	21	0	0	0	21
6	DL	-1				
2	AA	-10				
7	NK	-14				
7	OH	56	0	0	56	0
10	OO	56	0	56	0	0
11	UA	-4				
10	OO	10				
2	WN	-14				
10	AS	63	0	0	0	63
10	OO	-13				
2	AS	-29				
11	UA	0				
10	AS	-4				
12	MQ	-7				
12	OH	-19				
9	YX	15	0	0	10	5
5	AA	-15				
1	NK	3				
7	AA	78	31	0	0	47
11	DL	-12				
5	UA	215	0	0	0	215
10	WN	-6				
10	YX	-27				
5	UA	23	0	0	23	0
9	AS	2				
10	DL	107	107	0	0	0
7	UA	24	0	0	24	0
5	AA	-29				
7	HA	-7				
12	WN	-7				
5	OH	0				
6	DL	-2				
11	OO	5				
11	DL	-15				
10	AS	-20				
8	OO	-15				
12	NK	15	10	0	1	4
8	WN	18	0	0	0	18
8	AA	-2				
7	B6	-20				
12	9E	-18				
11	DL	-15				
5	WN	-13				
3	WN	-6				
11	YX	-14				
8	9E	-18				
9	OO	72	0	0	72	0
1	B6	-41				
4	MQ	-19				
5	NK	0				
5	DL	-8				
12	DL	-21				
8	OO	13				
6	UA	26	0	0	26	0
7	AA	20	20	0	0	0
7	UA	-12				
8	HA	-2				
11	B6	9				
7	DL	-13				
5	UA	-8				
3	WN	-11				
4	OO	-27				
5	OO	-21				
5	WN	-1				
12	AS	-23				
8	OO	30	0	0	0	30
9	AA	-5				
10	YX	15	0	0	15	0
5	OO	-14				
2	OO	3				
7	AA	-23				
12	WN	-11				
3	AA	-17				
3	F9	-1				
2	F9	-2				
6	OO	-12				
4	AA	-6				
6	AA	26	0	0	26	0
11	WN	-17				
3	WN	-18				
5	YX	-19				
5	UA	17	9	0	0	8
1	B6	22	14	0	4	4
3	OO	4				
1	AA	18	1	0	0	17
4	WN	23	20	0	3	0
1	DL	-25				
10	OO	144	144	0	0	0
7	MQ	-8				
12	WN	3				
6	AS	-13				
11	DL	-23				
3	WN	-7				
12	YX	-1				
7	DL	-10				
10	DL	-6				
12	WN	-3				
10	OH	32	3	0	29	0
10	WN	40	39	0	1	0
8	NK	9				
6	DL	-17				
10	WN	14				
5	UA	0				
6	NK	9				
8	OO	0				
6	WN	-6				
3	AA	-4				
4	WN	-14				
1	AA	3				
1	UA	-11				
7	UA	16	16	0	0	0
3	AA	6				
7	B6	-2				
2	MQ	-14				
10	OO	15	15	0	0	0
7	WN	17	1	0	0	16
11	F9	12				
8	DL	-26				
4	NK	8				
10	AA	54	54	0	0	0
10	UA	0				
7	AA	494	0	0	0	494
8	AA	-8				
2	OO	-14				
8	DL	21	21	0	0	0
12	WN	-20				
9	WN	5				
1	DL	40	13	0	0	27
3	HA	-22				
10	WN	-10				
10	AA	-7				
6	NK	-17				
11	AS	28	0	0	28	0
12	AA	96	0	0	0	96
3	OO	-23				
4	OO	-8				
3	WN	-16				
9	9E	-13				
10	OH	-10				
6	YX	-16				
6	WN	0				
11	WN	-11				
3	UA	-14				
11	DL	-26				
6	WN	23	23	0	0	0
3	WN	11				
3	OO	8				
12	NK	-6				
4	WN	-7				
12	AS	24	0	0	24	0
4	WN	68	59	0	0	9
5	OO	-20				
12	DL	11				
9	AA	14				
4	DL	31	0	0	0	31
4	AA	16	0	0	16	0
8	G4	6				
8	MQ	-20				
9	B6	-21				
3	NK	-11				
12	UA	-26				
5	OO	-23				
1	AA	2				
3	OO	3				
12	OO	-11				
8	WN	-12				
8	OO	-6				
2	WN	-17				
10	HA	-11				
12	DL	-3				
3	WN	4				
4	OH	-8				
11	DL	-23				
7	AA	-19				
10	OH	4				
3	NK	28	1	0	27	0
1	HA	22	22	0	0	0
5	DL	-16				
12	AA	-3				
10	AA	0				
4	YX	-14				
3	UA	56	56	0	0	0
2	WN	21	0	0	5	16
10	WN	10				
4	MQ	-29				
3	UA	0				
2	DL	-29				
6	WN	56	52	0	0	4
11	G4	34	21	0	0	13
1	YX	-11				
12	OO	27	0	0	27	0
10	UA	-9				
10	OO	-15				
1	UA	28	28	0	0	0
11	DL	-12				
7	DL	-20				
6	UA	58	30	0	0	28
11	UA	1				
1	DL	19	0	0	19	0
9	WN	10				
6	AA	-16				
3	AA	-7				
11	AS	95	0	38	0	57
5	AA	-18				
6	WN	110	11	0	5	94
1	MQ	-17				
2	NK	-2				
12	DL	0				
2	AA	-7				
11	G4	-11				
8	WN	2				
6	MQ	-1				
3	UA	28	0	0	0	28
10	WN	22	0	0	0	22
4	YX	-30				
8	AA	-42				
4	WN	-6				
12	UA	-7				
5	WN	-8				
6	WN	105	45	0	0	60
4	MQ	3				
12	AS	-18				
1	WN	48	19	0	25	4
2	B6	1				
6	DL	4				
9	WN	24	7	0	0	17
10	UA	-18				
1	DL	-20				
11	AA	-17				
11	NK	7				
12	WN	20	20	0	0	0
4	WN	-13				
5	DL	-20				
10	DL	-13				
9	OO	-10				
7	WN	-9				
6	9E	-8				
8	B6	-23				
9	WN	2				
9	WN	-8				
4	DL	77	0	0	72	5
9	MQ	-11				
6	OO	8				
2	WN	-17				
1	YX	-22				
6	OO	1				
6	DL	25	0	0	25	0
6	MQ	6				
9	WN	10				
11	NK	-8				
4	YX	-7				
3	WN	-11				
2	AS	-16				
7	YX	-6				
1	DL	46	0	46	0	0
3	F9	-4				
1	YX	-1				
6	OO	29	0	0	0	29
1	OO	19	19	0	0	0
11	YX	-13				
9	WN	-12				
12	DL	6				
4	OO	-13				
9	AA	13				
9	UA	-10				
10	WN	17	0	0	17	0
3	DL	-23				
3	WN	-4				
8	WN	-8				
11	AS	20	0	10	10	0
7	DL	-13				
3	AS	119	40	0	0	79
4	YX	-15				
6	AS	-1				
7	AA	4				
4	AS	5				
12	NK	148	0	0	148	0
10	WN	10				
12	AA	10				
11	DL	-17				
1	AA	9				
10	DL	-8				
8	WN	-2				
11	YX	-9				
7	AA	-13				
4	DL	8				
3	AS	-30				
9	MQ	-2				
10	OO	-20				
1	WN	-25				
8	WN	-9				
10	B6	-27				
7	AA	-18				
1	WN	-22				
4	AS	0				
10	UA	-35				
2	AA	459	0	0	0	459
8	WN	9				
9	AA	-9				
4	YX	-21				
6	YX	-11				
2	AA	-3				
4	UA	17	0	0	17	0
4	UA	5				
9	B6	103	5	0	0	98
7	WN	90	0	0	0	90
5	9E	-18				
3	DL	9				
7	HA	3				
7	DL	148	0	0	148	0
12	UA	-19				
9	UA	-18				
5	YX	-9				
1	MQ	53	28	0	25	0
8	AA	-5				
1	B6	-2				
7	MQ	-17				
2	YX	-34				
1	WN	7				
1	OO	-11				
8	B6	24	0	0	24	0
6	WN	8				
3	MQ	379	200	175	4	0
11	AA	-15				
12	9E	-11				
7	DL	-11				
9	UA	-20				
8	AA	41	7	0	6	28
1	WN	-2				
5	WN	-12				
8	MQ	-5				
1	UA	64	64	0	0	0
10	OO	3				
11	OO	2				
12	UA	-26				
7	UA	7				
7	DL	-14				
5	UA	-14				
6	OO	-17				
10	WN	26	26	0	0	0
2	9E	-16				
8	F9	-20				
12	YX	-19				
9	OO	-32				
6	WN	4				
9	OO	-8				
10	F9	-32				
5	AS	54	0	0	14	40
7	UA	-13				
6	B6	25	6	0	0	19
8	WN	5				
11	F9	5				
6	AA	9				
7	DL	-43				
7	DL	-12				
3	WN	17	17	0	0	0
1	OO	-24				
8	WN	-3				
6	B6	153	0	0	153	0
11	AA	-13				
3	HA	43	29	0	0	14
7	UA	26	1	0	0	25
6	YX	-18				
3	WN	-15				
2	9E	48	0	0	48	0
11	YX	-15				
1	WN	30	0	0	30	0
11	AA	1				
6	OO	-9				
9	AA	-5				
9	WN	0				
4	DL	1				
4	OH	-2				
11	AA	-17				
8	YX	-16				
7	AA	-20				
9	DL	0				
3	OH	42	0	3	0	39
8	AA	90	78	0	12	0
4	9E	0				
9	WN	4				
11	AA	-31				
12	DL	-28				
5	OO	-8				
9	WN	29	29	0	0	0
10	WN	-16				
3	WN	3				
10	WN	-4				
1	F9	-27				
10	AS	-11				
3	MQ	90	0	0	0	90
9	DL	-13				
9	WN	2				
8	DL	-16				
6	YX	31	0	0	15	16
1	OH	34	0	0	34	0
7	MQ	-10				
8	WN	-10				
5	WN	-6				
5	WN	-16				
8	UA	144	144	0	0	0
5	WN	-10				
11	OO	-10				
9	OO	7				
5	OO	37	0	0	0	37
6	WN	37	0	0	0	37
12	WN	37	35	0	2	0
9	WN	-10				
6	WN	66	0	0	0	66
2	DL	-11				
10	UA	-15				
5	OO	-24				
12	WN	0				
3	OO	-11				
3	AA	19	0	0	19	0
9	WN	-8				
7	NK	205	205	0	0	0
5	DL	-9				
9	DL	-5				
9	DL	11				
5	AA	1				
8	AA	-11				
1	OO	110	0	0	0	110
9	WN	9				
7	WN	7				
4	9E	-16				
7	WN	-19				
3	9E	0				
5	OO	-9				
10	WN	-14				
1	AS	9				
4	WN	-14				
5	WN	17	0	0	0	17
2	OO	-22				
9	F9	10				
11	DL	-7				
8	WN	-7				
7	WN	7				
6	OH	14				
10	UA	-17				
10	UA	-12				
12	OH	17	0	0	17	0
1	DL	-18				
2	WN	8				
11	DL	-13				
9	AA	6				
6	UA	-15				
2	DL	-13				
2	AA	-8				
7	AA	-13				
4	WN	-9				
7	DL	-10				
4	B6	-17				
11	WN	11				
7	OO	-23				
9	DL	-12				
1	WN	9				
8	AA	3				
9	NK	43	0	11	32	0
12	DL	-14				
2	AS	-34				
2	G4	-8				
7	UA	-5				
12	DL	-11				
7	9E	-9				
6	MQ	-8				
1	DL	-36				
9	DL	-19				
4	OO	-30				
3	WN	-1				
9	AA	-12				
5	UA	60	60	0	0	0
11	OO	-13				
7	NK	1				
5	WN	-8				
3	B6	107	0	0	18	89
3	9E	2				
9	WN	-12				
9	MQ	25	23	0	0	2
2	DL	-16				
2	UA	20	20	0	0	0
6	UA	13				
2	AA	-3				
3	G4	87	70	0	17	0
4	WN	-8				
1	DL	14				
9	UA	528	0	506	22	0
1	AA	-2				
6	DL	-15				
3	WN	-16				
4	WN	4				
11	WN	5				
5	F9	-13				
1	DL	24	9	0	0	15
9	AA	-18				
10	AA	-8				
9	F9	9				
8	OO	15	15	0	0	0
7	AS	12				
7	OO	-16				
9	NK	-10				
8	B6	21	9	0	12	0
1	WN	-23				
10	DL	2				
3	OO	15	15	0	0	0
6	UA	-29				
11	9E	-5				
6	OH	-7				
7	DL	2				
12	B6	-28				
6	AA	9				
4	AA	-13				
10	WN	-8				
7	B6	-8				
4	DL	3				
6	WN	23	0	0	8	15
5	B6	34	31	0	3	0
3	DL	91	26	0	0	65
7	UA	13				
11	OH	-29				
1	WN	-33				
2	9E	-26				
5	OO	-26				
8	NK	-49				
9	WN	2				
9	UA	-34				
11	AA	5				
7	DL	-24				
3	WN	0				
7	WN	71	71	0	0	0
2	DL	-40				
10	AA	-10				
6	NK	87	9	0	15	63
7	WN	2				
10	MQ	-5				
10	OH	-18				
6	WN	27	0	0	0	27
7	WN	201	0	0	0	201
5	WN	-8				
5	MQ	-11				
12	WN	6				
4	OO	6				
6	WN	2				
10	DL	-13				
4	DL	12				
11	WN	-12				
2	UA	26	11	0	13	2
5	DL	0				
10	UA	-12				
1	DL	-24				
2	UA	-6				
8	AS	-6				
6	WN	-9				
11	G4	-18				
6	AA	-9				
3	YX	-29				
3	DL	-5				
12	NK	4				
12	UA	-6				
10	OO	-1				
6	WN	41	10	0	0	31
3	OO	-2				
3	AA	1				
9	WN	13				
7	AA	-5				
4	OO	66	0	66	0	0
8	WN	-8				
6	NK	60	10	0	15	35
3	YX	-20				
10	B6	39	9	0	0	30
9	B6	-24				
6	UA	136	61	0	0	75
1	AS	2				
4	WN	-2				
8	MQ	-17				
5	UA	-17				
9	YX	-8				
12	AA	36	36	0	0	0
7	YX	-19				
3	WN	-8				
10	WN	-20				
2	AA	3				
6	OO	24	0	24	0	0
7	DL	1				
12	WN	33	0	0	33	0
3	OO	-16				
7	DL	117	104	0	0	13
11	YX	-7				
10	WN	-19				
5	NK	-31				
4	9E	-4				
8	AA	-4				
11	OH	-19				
12	DL	74	74	0	0	0
1	DL	-2				
2	WN	0				
10	AA	9				
4	WN	-10				
11	DL	-13				
12	WN	-18				
10	AA	-9				
9	9E	-26				
3	HA	0				
3	OO	-6				
2	OO	-14				
12	WN	-3				
10	NK	-17				
3	UA	3				
6	AA	16	0	0	0	16
2	WN	27	0	0	27	0
8	UA	-30				
9	F9	5				
3	WN	13				
2	DL	-6				
3	OH	-26				
6	DL	13				
2	OO	24	0	0	0	24
12	9E	3				
1	UA	-1				
9	WN	13				
7	AA	155	135	0	20	0
9	AA	-24				
7	YX	10				
9	AA	1				
4	DL	-23				
3	WN	25	0	0	25	0
8	B6	-11				
1	B6	-60				
9	WN	9				
6	AA	2				
4	MQ	31	31	0	0	0
1	YX	-39				
3	WN	-13				
4	WN	-16				
6	DL	-1				
4	UA	-4				
5	DL	-18				
2	WN	16	13	0	0	3
12	AS	456	456	0	0	0
7	DL	3				
5	OO	-20				
3	AS	-13				
9	WN	-11				
5	AA	-5				
4	B6	-11				
5	WN	-6				
10	OO	-17				
5	UA	13				
1	WN	-5				
10	WN	-9				
3	WN	-16				
4	HA	-2				
10	YX	-13				
11	OO	-24				
7	WN	-8				
7	AA	111	12	0	0	99
10	MQ	22	0	0	11	1
3	OO	-34				
11	OH	-21				
12	NK	23	8	0	15	0
5	WN	-20				
6	UA	-1				
1	OO	-12				
11	AA	4				
5	AA	46	5	0	0	41
6	YX	-26				
12	YX	-22				
7	DL	-21				
10	OO	12				
4	WN	-14				
7	UA	22	17	0	5	0
2	AA	-18				
11	WN	-10				
6	9E	99	0	0	1	98
1	DL	18	0	0	18	0
2	B6	14				
7	DL	76	76	0	0	0
6	WN	-2				
6	AA	-12				
8	F9	-11				
10	B6	-20				
6	AS	-18				
11	9E	-16				
12	NK	2				
9	MQ	2				
4	UA	22	10	0	0	12
4	AA	-11				
10	AS	-2				
5	WN	-11				
9	AA	-15				
9	9E	23	0	0	23	0
1	9E	2				
6	9E	-13				
8	YX	53	0	0	0	53
8	OH	-12				
3	UA	-14				
6	WN	-8				
7	YX	5				
8	9E	-7				
1	DL	-24				
3	UA	22	0	0	0	22
7	WN	-18				
5	UA	-24				
5	MQ	-21				
10	OO	-9				
7	AA	2				
3	NK	-27				
11	WN	-11				
8	WN	4				
1	OO	-25				
9	AS	-7				
3	DL	-19				
7	DL	-19				
6	OH	4				
10	UA	0				
9	9E	-11				
12	WN	-11				
7	DL	-2				
2	UA	106	5	0	0	101
8	DL	15	0	0	0	15
5	DL	8				
3	WN	-7				
7	UA	156	0	0	4	152
7	DL	13				
8	UA	-6				
11	9E	-14				
10	9E	-21				
8	DL	-33				
8	UA	21	11	0	0	10
4	WN	-4				
3	WN	-3				
7	AA	39	12	0	2	25
9	DL	-12				
7	DL	-14				
5	NK	-22				
5	OH	37	0	29	8	0
7	AA	-4				
11	UA	-30				
9	UA	46	46	0	0	0
6	UA	-8				
1	WN	31	0	0	31	0
4	WN	-7				
12	WN	-3				
9	OO	-18				
8	WN	-10				
2	WN	-33				
9	NK	-11				
9	OH	15	15	0	0	0
10	AA	-34				
11	UA	-7				
6	9E	87	4	0	49	34
7	G4	-11				
5	DL	-27				
1	AA	50	47	0	3	0
3	OO	-12				
6	UA	-19				
8	9E	-10				
2	AA	-14				
6	YX	-3				
6	DL	3				
5	NK	-17				
2	UA	11				
1	WN	-18				
10	B6	-29				
12	DL	-40				
10	AS	-13				
8	AA	-29				
10	WN	6				
2	DL	-34				
6	AA	-20				
10	AA	191	0	149	9	33
4	WN	-2				
8	OO	114	114	0	0	0
6	OO	29	29	0	0	0
4	F9	-10				
5	UA	-16				
1	YX	110	0	0	0	110
2	WN	6				
11	DL	-7				
8	DL	16	0	0	16	0
5	UA	-24				
10	9E	-10				
3	YX	-14				
7	DL	-12				
5	WN	-11				
12	AA	-7				
11	B6	-2				
1	UA	-18				
5	G4	-7				
2	UA	-6				
1	OO	12				
2	G4	-15				
5	WN	-13				
7	AA	64	0	0	0	64
8	AA	-8				
10	NK	-10				
2	YX	-24				
7	WN	30	0	0	4	26
12	UA	-18				
8	G4	144	0	0	7	137
6	AA	-5				
12	AS	-11				
1	WN	11				
5	WN	5				
5	OO	-2				
12	OH	-8				
6	WN	13				
7	9E	-29				
12	NK	162	152	0	10	0
2	WN	-14				
8	DL	0				
12	OO	-3				
6	NK	22	0	0	22	0
9	WN	-7				
4	WN	-12				
4	WN	25	25	0	0	0
9	WN	11				
10	AA	3				
5	DL	-20				
3	UA	4				
3	AA	-18				
1	B6	-1				
10	DL	-9				
5	OO	-17				
9	AS	-3				
5	UA	-8				
6	UA	7				
8	UA	-16				
9	WN	-21				
11	AA	6				
5	DL	-3				
12	WN	7				
9	OO	-6				
11	WN	-10				
7	AA	-2				
5	WN	-12				
5	AA	-14				
12	OH	83	6	0	1	76
8	G4	-7				
2	DL	-31				
2	WN	-3				
8	AS	-20				
2	AA	-13				
2	DL	27	0	0	14	13
6	OH	-21				
8	HA	0				
5	AA	-19				
8	B6	-1				
8	WN	13				
3	DL	0				
6	AA	19	19	0	0	0
2	DL	-9				
4	WN	-9				
8	AA	73	0	0	0	73
11	WN	-2				
2	MQ	35	0	0	2	33
7	AA	8				
7	9E	-4				
8	OO	29	29	0	0	0
8	UA	4				
10	UA	-28				
3	DL	134	0	75	11	48
7	OO	-3				
8	AA	-9				
10	UA	-30				
4	AA	-24				
12	WN	-15				
5	AA	-3				
6	WN	-7				
11	MQ	-7				
10	AA	-5				
12	WN	-13				
3	WN	-1				
2	B6	-9				
10	WN	18	0	0	18	0
9	MQ	-29				
4	NK	24	0	0	6	18
8	B6	49	8	0	3	38
10	AA	50	0	21	29	0
3	AA	-23				
2	AS	-5				
6	DL	49	1	0	0	48
3	YX	-5				
1	MQ	-22				
9	OO	-23				
7	B6	238	0	0	238	0
5	AA	-5				
8	DL	-12				
9	OO	9				
3	UA	-14				
9	DL	24	24	0	0	0
5	DL	-13				
4	AA	-19				
10	AA	-2				
12	WN	5				
2	OO	8				
2	MQ	-5				
4	MQ	22	9	0	3	10
7	DL	-8				
2	OH	4				
8	UA	-2				
8	AA	75	2	0	0	73
11	UA	-24				
9	DL	-13				
4	DL	58	0	0	0	58
12	UA	1				
5	G4	-17				
3	AA	25	14	0	11	0
6	F9	95	23	0	6	66
9	WN	-8				
7	HA	-5				
4	UA	-33				
3	UA	48	0	0	48	0
8	AA	-3				
4	B6	-18				
3	OH	0				
6	G4	-1				
7	AS	20	3	0	0	17
4	UA	105	6	0	0	99
2	DL	31	0	0	21	10
7	MQ	0				
1	UA	-22				
9	AA	-12				
8	YX	5				
9	UA	-18				
2	AA	-4				
3	WN	-11				
3	OO	-13				
8	UA	8				
8	UA	23	0	0	0	23
6	WN	20	0	0	20	0
3	WN	13				
6	AA	-10				
10	WN	-3				
7	NK	-1				
8	WN	14				
10	OO	-23				
11	AA	25	0	0	6	19
10	WN	-6				
1	F9	-25				
8	UA	34	23	0	0	11
10	WN	-9				
7	DL	-8				
4	DL	-11				
6	UA	0				
9	MQ	-21				
6	AA	-12				
4	AA	-7				
10	WN	-11				
4	AA	-17				
10	OO	-9				
6	UA	-28				
7	OO	-10				
1	OH	-1				
3	WN	2				
1	WN	-18				
12	OH	125	0	22	24	79
11	F9	-21				
11	AS	17	9	0	8	0
3	WN	0				
8	AA	97	0	0	0	97
6	WN	-6				
4	UA	-1				
10	DL	-8				
2	DL	-5				
10	UA	-21				
2	AA	4				
11	DL	-20				
12	DL	-5				
2	AA	22	11	0	1	10
7	UA	168	9	0	29	130
8	OO	193	193	0	0	0
5	YX	-22				
8	WN	-8				
5	B6	-17				
11	9E	-12				
11	WN	-16				
2	MQ	-9				
6	9E	-25				
9	NK	-11				
3	OH	-4				
3	AA	-15				
9	WN	0				
9	AA	12				
1	DL	134	40	0	94	0
1	AA	11				
7	DL	-1				
6	WN	-11				
4	YX	-7				
10	AA	8				
6	B6	-36				
1	WN	-21				
2	AA	7				
12	UA	-3				
2	OO	-6				
5	DL	51	51	0	0	0
10	AA	-10				
6	WN	-16				
3	AA	-10				
11	AA	-6				
4	AA	49	0	0	0	49
12	AA	-21				
12	AA	-29				
12	AA	7				
4	HA	33	0	0	31	2
3	AA	-16				
3	UA	28	0	0	0	28
7	WN	0				
8	WN	32	8	0	0	24
5	AA	55	55	0	0	0
9	UA	-12				
5	DL	-5				
10	OO	-15				
4	YX	-27				
12	OO	-27				
11	OO	-21				
3	AA	19	19	0	0	0
6	MQ	-1				
7	AA	-24				
1	AA	-26				
2	HA	-8				
5	DL	-13				
2	AS	4				
10	WN	-17				
8	DL	0				
11	WN	-11				
9	WN	8				
5	AS	-15				
2	G4	23	0	0	0	23
5	YX	-9				
7	AA	7				
8	AA	-14				
10	NK	-10				
11	B6	-2				
2	DL	-6				
2	UA	-16				
5	WN	106	106	0	0	0
4	DL	-10				
8	OO	-31				
11	WN	-14				
6	WN	-12				
4	NK	19	0	0	19	0
12	WN	-6				
6	YX	-3				
10	B6	-16				
7	WN	-10				
1	OO	113	113	0	0	0
6	WN	17	0	0	17	0
5	B6	-36				
7	WN	8				
3	WN	9				
3	WN	-1				
10	AA	-10				
11	UA	-17				
12	UA	4				
5	YX	-16				
8	NK	28	0	0	28	0
3	OO	14				
11	DL	-1				
7	DL	-7				
5	AA	0				
12	MQ	6				
10	DL	-10				
8	AS	-15				
6	B6	92	4	0	15	73
1	AA	-10				
8	AS	-1				
9	DL	9				
8	DL	-4				
10	9E	-27				
9	DL	-9				
4	OH	5				
8	WN	-11				
11	OO	-18				
6	AA	-29				
8	UA	58	58	0	0	0
2	UA	-30				
4	B6	-6				
10	AA	158	158	0	0	0
4	DL	-4				
11	9E	13				
12	OO	-25				
8	AA	-12				
7	DL	0				
10	WN	56	45	0	0	11
4	WN	107	105	0	2	0
7	UA	23	19	0	4	0
6	DL	0				
4	F9	-12				
8	DL	-19				
8	OO	66	66	0	0	0
4	WN	-17				
12	F9	61	0	0	0	61
8	AA	-14				
7	AA	-8				
12	DL	-43				
6	WN	1				
5	WN	-10				
10	UA	73	20	0	0	53
5	MQ	-10				
8	OO	-5				
9	B6	269	22	0	0	247
8	AS	11				
11	UA	-32				
10	B6	71	49	0	11	11
10	MQ	-15				
10	WN	-11				
10	MQ	-9				
11	B6	-16				
11	DL	-24				
3	UA	-22				
10	DL	-15				
10	OO	34	34	0	0	0
3	DL	-10				
9	UA	-4				
10	OO	19	0	0	0	19
7	AS	-15				
3	DL	-3				
7	DL	9				
6	UA	8				
5	UA	-11				
11	WN	70	70	0	0	0
6	B6	15	5	0	10	0
1	UA	8				
4	DL	-25				
12	OO	-38				
8	9E	0				
10	WN	2				
9	MQ	-15				
8	YX	13				
12	WN	95	95	0	0	0
12	DL	-18				
10	B6	126	7	0	5	114
1	UA	-45				
5	WN	38	38	0	0	0
1	DL	-13				
1	OO	4				
11	OH	29	0	0	0	29
7	OH	225	0	0	225	0
5	WN	-7				
8	AA	114	114	0	0	0
9	WN	-8				
5	OO	18	18	0	0	0
11	AA	-14				
8	DL	-44				
7	B6	-12				
5	OO	-30				
5	OO	-2				
9	MQ	-19				
9	WN	-18				
10	WN	1				
4	B6	77	77	0	0	0
2	HA	63	0	0	0	63
3	WN	-5				
5	WN	-18				
9	UA	8				
8	DL	-20				
3	AA	-2				
5	WN	-27				
7	DL	-15				
2	AA	-4				
12	DL	-2				
5	WN	-5				
2	MQ	-8				
12	DL	-32				
11	WN	-5				
9	AA	61	10	0	0	51
4	9E	11				
12	AA	-9				
7	WN	-15				
3	DL	-15				
5	UA	-10				
10	9E	-23				
5	MQ	-17				
4	AA	33	1	0	0	32
1	G4	68	0	35	33	0
6	WN	-18				
12	MQ	-29				
9	YX	-16				
2	NK	70	1	0	6	63
2	DL	-28				
2	YX	-24				
1	WN	-7				
6	OO	6				
9	AA	-35				
9	DL	-13				
7	B6	-16				
4	AA	27	0	0	13	14
2	B6	16	16	0	0	0
10	B6	15	5	0	0	10
1	OO	-1				
5	UA	233	0	0	6	227
6	DL	-11				
7	UA	-5				
9	WN	-7				
6	DL	41	0	0	22	19
9	DL	-15				
4	AS	30	26	0	4	0
10	DL	-7				
4	AA	-16				
6	OO	-18				
9	WN	-10				
5	AA	-8				
10	AS	-19				
11	YX	-22				
2	UA	2				
6	DL	3				
10	UA	-19				
12	YX	-15				
2	YX	-24				
1	WN	-17				
3	AA	11				
11	OO	-7				
2	NK	-17				
5	AA	-25				
9	UA	13				
5	OO	-12				
5	WN	-4				
11	NK	43	12	0	31	0
10	UA	-10				
7	AA	7				
10	WN	4				
1	B6	-1				
10	B6	-21				
5	B6	47	47	0	0	0
7	B6	-36				
4	G4	57	0	0	57	0
2	WN	-8				
9	WN	5				
7	9E	-6				
2	OO	-18				
5	AA	-14				
11	DL	-11				
11	UA	-4				
10	OO	-8				
10	B6	68	0	0	0	51
12	OO	-20				
4	WN	-1				
4	OO	-17				
11	AA	-1				
12	B6	-37				
8	OH	-24				
1	UA	-21				
4	AA	-7				
12	WN	41	1	0	0	40
7	AA	4				
4	B6	10				
8	AA	-23				
7	AA	0				
11	OO	-8				
1	UA	90	8	0	40	42
5	UA	53	0	0	44	9
9	MQ	-16				
11	UA	-12				
5	NK	-10				
4	UA	-12				
3	WN	16	0	0	16	0
2	AA	4				
12	AA	-25				
5	DL	-12				
2	OO	-9				
8	NK	-12				
7	9E	-23				
1	B6	-2				
8	UA	-8				
10	OO	-16				
11	AA	6				
11	UA	-15				
7	OO	-1				
8	OH	14				
11	DL	24	24	0	0	0
9	WN	-3				
4	F9	127	117	0	10	0
2	DL	29	29	0	0	0
8	UA	-7				
11	OO	-2				
12	UA	-38				
7	WN	-23				
8	WN	-13				
2	AA	3				
12	WN	-12				
8	OO	-2				
2	WN	-12				
8	AA	-4				
1	DL	-14				
3	AA	-9				
2	WN	-9				
8	YX	15	15	0	0	0
3	WN	31	0	0	31	0
10	WN	21	15	0	0	6
11	MQ	33	0	0	33	0
5	AA	-28				
1	WN	-16				
7	DL	45	45	0	0	0
7	WN	19	11	0	0	8
5	B6	217	208	0	9	0
8	B6	75	0	0	75	0
5	AS	-5				
3	YX	22	0	0	0	22
7	UA	3				
8	WN	7				
8	OO	-4				
5	AS	-20				
7	DL	-9				
6	F9	28	5	0	2	21
4	AA	-13				
3	G4	82	82	0	0	0
1	NK	-8				
1	UA	-17				
3	WN	-8				
9	G4	11				
11	OO	-17				
8	DL	5				
4	AA	253	0	0	2	251
5	WN	-16				
6	MQ	-10				
12	F9	-3				
4	WN	14				
1	WN	-17				
12	AA	-25				
1	WN	155	155	0	0	0
4	B6	7				
1	B6	-32				
5	WN	-11				
9	AA	29	0	0	0	29
6	UA	-1				
3	DL	-18				
3	YX	-39				
2	WN	-3				
8	UA	22	6	0	16	0
8	F9	-16				
1	UA	22	0	0	22	0
11	YX	-5				
9	UA	-16				
5	DL	-11				
8	AA	-7				
8	MQ	-5				
4	WN	-11				
10	WN	-14				
5	OO	-2				
1	OO	-25				
3	B6	-9				
6	HA	0				
11	WN	-14				
1	DL	16	0	0	16	0
10	NK	-46				
5	WN	126	15	0	0	111
5	WN	-3				
2	OH	-23				
12	WN	-11				
6	YX	-17				
12	AA	151	28	0	9	114
12	DL	-2				
1	AA	9				
12	DL	-7				
5	YX	-17				
9	AA	-14				
1	WN	5				
7	MQ	-2				
2	AA	-9				
10	UA	12				
3	OO	-29				
2	AS	-14				
3	OH	-4				
3	OO	-14				
10	WN	114	114	0	0	0
10	F9	5				
2	B6	2				
12	OO	-13				
7	DL	-2				
8	OO	-2				
7	F9	-9				
11	OO	-16				
11	NK	-15				
7	B6	-26				
8	DL	-16				
3	UA	-26				
11	DL	-8				
1	OH	-18				
1	WN	-6				
8	AS	-15				
12	F9	87	0	83	4	0
1	9E	24	0	0	0	24
4	AA	0				
5	YX	-19				
2	WN	-7				
7	DL	-9				
3	YX	-6				
4	DL	1				
6	MQ	2				
8	DL	-24				
12	DL	3				
3	WN	-6				
7	AA	127	44	0	0	83
10	MQ	-17				
6	OO	9				
3	WN	-14				
1	WN	-3				
11	UA	-32				
8	DL	-29				
11	F9	-17				
4	WN	-1				
6	WN	4				
8	UA	-32				
3	DL	7				
4	WN	8				
3	WN	-14				
7	AA	-6				
8	OO	32	0	32	0	0
9	NK	-15				
5	WN	-16				
9	AA	-16				
9	AA	-17				
1	AA	-3				
6	UA	15	0	10	5	0
1	DL	19	0	0	19	0
3	B6	84	5	0	0	79
5	DL	-3				
12	WN	-15				
3	WN	99	92	0	7	0
2	UA	32	32	0	0	0
7	DL	-21				
10	WN	2				
9	DL	7				
4	DL	21	18	0	3	0
1	DL	-13				
9	UA	-4				
7	F9	-11				
1	UA	11				
2	NK	-13				
3	AA	-8				
7	WN	37	14	0	0	23
8	OO	-5				
4	WN	99	0	0	0	99
9	UA	-18				
10	OO	-7				
2	AA	1				
3	NK	156	2	0	154	0
6	9E	8				
9	YX	-17				
11	WN	91	0	0	0	91
3	WN	-16				
9	UA	0				
9	DL	-8				
6	DL	-15				
4	DL	-23				
7	AA	7				
7	B6	174	0	0	50	124
2	UA	-23				
2	UA	-8				
3	AA	-23				
10	AA	-21				
1	WN	-30				
1	AA	-4				
7	UA	15	6	0	0	9
2	YX	36	0	0	0	36
12	DL	-25				
12	UA	7				
9	WN	8				
12	DL	-6				
6	UA	-25				
2	OH	-16				
8	WN	-1				
7	WN	6				
8	OO	-5				
11	AA	-5				
8	DL	-11				
11	DL	-43				
4	OO	0				
7	AS	0				
6	UA	-22				
7	DL	25	22	0	3	0
9	WN	-8				
11	HA	-4				
2	HA	23	23	0	0	0
4	WN	-9				
10	AA	-22				
6	B6	132	5	0	52	75
9	AS	0				
6	OO	-2				
1	AS	18	18	0	0	0
1	AA	-19				
11	AA	-17				
1	DL	-10				
8	WN	-9				
5	AS	-25				
11	AA	-11				
8	F9	16	0	0	16	0
5	AA	92	0	0	0	92
11	AA	-5				
7	AS	19	0	0	0	19
10	UA	-18				
4	YX	-3				
7	B6	-23				
1	B6	43	17	0	0	26
7	WN	-13				
9	WN	0				
4	DL	-16				
3	9E	10				
8	UA	2				
12	DL	-34				
5	DL	-30				
8	WN	28	8	0	9	11
8	WN	-16				
12	YX	5				
10	OO	-18				
2	9E	24	24	0	0	0
7	OO	-2				
11	AA	533	521	0	0	12
12	UA	-8				
2	AA	-28				
8	AA	-10				
1	AS	-22				
9	WN	-1				
9	WN	-8				
11	DL	1				
11	OO	4				
11	B6	-11				
6	AS	-24				
5	WN	-16				
8	UA	23	21	0	2	0
4	AA	43	43	0	0	0
4	G4	-7				
9	WN	-11				
7	G4	-1				
9	UA	-21				
6	WN	12				
7	UA	185	179	0	6	0
2	DL	-17				
11	WN	-11				
10	F9	-9				
10	AS	-14				
11	OO	-4				
1	WN	13				
6	DL	-11				
5	OO	-21				
3	UA	-11				
5	OO	-1				
8	WN	50	0	0	50	0
2	AA	-13				
11	AA	-29				
7	AA	108	0	107	1	0
10	UA	-51				
5	NK	-4				
4	UA	231	12	0	0	219
10	UA	-18				
10	AA	20	20	0	0	0
3	DL	12				
4	AA	-1				
7	F9	15	4	0	0	11
11	WN	5				
8	AA	7				
5	WN	0				
8	OH	178	0	140	0	38
11	AA	23	1	0	13	9
8	G4	31	0	0	7	24
1	DL	-30				
8	WN	-2				
5	AA	-15				
12	AA	-19				
8	OO	-15				
6	9E	12				
6	DL	14				
7	UA	-8				
2	WN	-9				
9	DL	-2				
1	AA	-17				
6	AS	-2				
1	DL	4				
9	OH	-28				
10	UA	-21				
7	WN	-16				
6	AA	14				
11	F9	-27				
1	B6	2				
2	DL	-4				
3	OO	13				
12	AS	-14				
2	AA	864	7	0	7	850
4	B6	84	84	0	0	0
7	YX	22	0	0	22	0
3	AA	15	0	0	15	0
5	DL	-17				
1	DL	-7				
7	AA	-16				
2	DL	-4				
1	WN	-11				
6	9E	-29				
3	UA	-23				
4	DL	4				
7	AA	-2				
1	9E	-6				
10	WN	-12				
3	DL	-12				
10	9E	-18				
3	F9	6				
3	DL	5				
7	AS	18	0	0	18	0
9	WN	2				
10	AA	-13				
6	OO	-2				
10	OH	-19				
3	F9	27	0	0	27	0
5	UA	14				
11	DL	-7				
10	AA	-1				
1	AA	-20				
9	OO	-7				
10	9E	-1				
11	F9	-9				
12	OO	-16				
1	AA	-20				
9	AA	-17				
7	AS	-9				
8	WN	83	83	0	0	0
11	WN	-3				
8	NK	-15				
9	B6	-28				
12	DL	-8				
6	AA	-12				
2	G4	-44				
11	AA	-35				
11	AA	42	42	0	0	0
3	OO	-10				
10	OH	-4				
9	DL	-5				
2	WN	-6				
7	WN	-15				
4	WN	4				
7	AA	-13				
6	UA	35	0	0	35	0
5	AA	27	27	0	0	0
9	DL	-10				
12	AA	-21				
7	WN	5				
12	AA	22	0	0	22	0
2	OO	-12				
4	MQ	-14				
6	OO	-31				
6	AA	77	52	0	25	0
9	DL	-11				
9	AS	23	16	0	7	0
3	F9	-4				
12	OH	-28				
10	WN	-14				
10	AA	-8				
4	MQ	6				
7	G4	-23				
8	AA	-10				
8	DL	-21				
1	WN	47	0	0	47	0
5	WN	16	0	0	16	0
12	DL	-12				
8	YX	-24				
4	B6	-12				
6	AA	-23				
10	WN	-14				
11	WN	-10				
12	DL	-25				
8	DL	6				
5	WN	7				
8	WN	-7				
12	AA	6				
7	AA	-16				
8	WN	19	0	0	0	19
4	NK	6				
5	UA	2				
4	AA	-17				
11	9E	-5				
9	OH	82	0	82	0	0
10	DL	-5				
6	AA	-24				
8	MQ	-21				
12	OH	6				
3	WN	-4				
5	OH	18	0	0	18	0
3	OO	14				
11	DL	-17				
3	WN	-18				
8	OO	3				
3	UA	-18				
7	UA	-20				
6	9E	-24				
11	F9	-13				
7	YX	-15				
6	OH	0				
9	OO	-20				
7	DL	-9				
3	WN	-14				
7	AS	-18				
9	MQ	-11				
9	AA	-10				
8	WN	-7				
8	WN	47	47	0	0	0
10	DL	-12				
3	AS	0				
6	F9	-12				
6	WN	-6				
10	UA	-27				
7	AA	-5				
7	OO	-6				
6	F9	27	0	0	27	0
4	WN	1				
9	WN	-19				
10	WN	-15				
2	UA	-7				
8	WN	14				
1	OO	-12				
7	AA	-7				
3	NK	-15				
2	NK	30	10	0	20	0
2	MQ	22	0	0	0	22
11	WN	-1				
10	DL	2				
3	NK	57	6	0	51	0
5	DL	1				
7	DL	-7				
2	WN	9				
3	AA	2				
6	9E	-21				
9	DL	-30				
11	WN	-21				
3	WN	-2				
11	WN	-6				
7	NK	3				
8	UA	16	14	0	2	0
1	DL	-19				
9	AA	-17				
10	DL	13				
2	DL	0				
3	WN	12				
11	OO	-18				
7	OH	-16				
11	YX	-27				
9	DL	20	0	0	0	20
8	AS	16	0	0	16	0
12	OH	29	0	0	0	29
10	B6	-23				
7	WN	22	0	0	0	22
3	G4	-16				
9	WN	-14				
4	OO	-10				
10	MQ	40	1	0	24	15
4	MQ	-10				
6	UA	-40				
6	AA	111	36	0	16	59
4	B6	3				
10	OO	-5				
8	OO	-1				
10	DL	0				
8	DL	48	0	0	48	0
5	WN	1				
2	NK	-14				
12	WN	-6				
2	WN	29	0	0	3	26
5	DL	-25				
11	OO	-2				
6	OO	-3				
1	DL	22	2	0	0	20
3	OH	4				
1	AA	71	2	0	0	69
8	DL	-21				
12	NK	-17				
12	WN	38	0	0	8	0
2	UA	5				
5	OO	-5				
10	MQ	36	35	0	1	0
10	DL	51	0	0	0	51
11	WN	-16				
11	DL	-15				
10	HA	-6				
11	9E	-22				
1	AA	3				
5	WN	-3				
10	G4	-13				
5	DL	7				
9	AA	-9				
10	G4	-10				
11	WN	-21				
3	DL	30	29	0	1	0
5	F9	-3				
6	AA	746	634	0	0	112
11	AA	-33				
10	OO	-14				
2	WN	-16				
2	WN	6				
9	OO	48	0	0	0	48
9	AA	-25				
7	WN	-1				
9	AS	-15				
5	AA	2				
1	UA	0				
3	UA	17	0	0	17	0
5	B6	37	4	0	0	33
4	AS	-1				
10	WN	-6				
2	WN	6				
10	OO	-15				
11	NK	-10				
8	F9	-30				
4	DL	-24				
6	UA	6				
2	YX	34	0	0	34	0
3	UA	-6				
2	UA	7				
9	F9	102	0	0	0	102
3	9E	-16				
4	AA	-14				
7	YX	567	288	0	22	257
5	NK	-11				
2	G4	-23				
2	B6	-12				
7	WN	9				
6	WN	9				
9	DL	-14				
5	OH	-18				
5	AA	-5				
10	UA	-30				
11	F9	5				
11	MQ	-13				
12	DL	0				
7	B6	-9				
2	OH	-1				
6	WN	-6				
7	MQ	-12				
7	WN	-4				
5	WN	-8				
8	WN	34	21	0	13	0
5	AA	10				
8	MQ	-7				
12	F9	5				
6	OO	-14				
12	WN	67	0	0	0	67
9	DL	-18				
7	YX	-25				
9	AA	-5				
7	WN	0				
10	DL	-23				
4	YX	-17				
4	G4	-19				
7	WN	-3				
1	DL	45	0	0	0	45
8	WN	0				
4	OO	3				
5	NK	-20				
3	MQ	19	10	0	9	0
3	AA	-9				
7	AA	-5				
7	OO	32	32	0	0	0
4	OO	-7				
8	WN	4				
6	UA	2				
3	AA	-7				
3	AA	84	6	0	9	69
9	AS	-1				
2	WN	75	0	0	0	75
1	DL	-12				
8	AA	-17				
11	AA	-9				
3	WN	113	46	0	56	11
7	OO	9				
6	OO	64	0	64	0	0
10	YX	-4				
8	WN	8				
8	9E	30	0	0	0	30
8	WN	-1				
6	WN	11				
4	WN	7				
4	UA	-11				
2	9E	-15				
8	WN	-12				
5	OO	-17				
1	OO	-8				
3	DL	15	0	0	15	0
8	NK	-4				
11	AA	-13				
4	UA	-29				
4	AA	-8				
3	OO	0				
5	UA	-15				
2	AA	-27				
3	AA	41	41	0	0	0
3	G4	-4				
6	DL	30	0	0	0	30
4	UA	22	22	0	0	0
11	DL	-14				
7	WN	-8				
12	YX	-20				
8	B6	-9				
12	WN	4				
6	OH	-8				
5	WN	-5				
10	G4	4				
3	AA	-20				
6	AS	11				
4	UA	-4				
12	DL	-6				
6	WN	7				
2	AA	31	0	0	31	0
6	MQ	9				
7	OO	-12				
12	OH	-26				
6	YX	-27				
10	DL	-5				
9	UA	-4				
6	DL	27	0	0	0	27
2	NK	3				
2	DL	-16				
4	AA	4				
8	WN	-14				
5	AA	-22				
12	WN	-8				
9	OO	-3				
10	UA	12				
11	UA	-7				
2	YX	-12				
5	DL	-3				
7	DL	-11				
8	HA	4				
5	WN	-3				
11	WN	-3				
2	YX	-15				
2	DL	-10				
12	AA	-26				
8	UA	32	16	0	0	16
9	UA	-15				
9	UA	-17				
6	OO	-17				
3	YX	51	0	0	14	37
2	DL	55	0	0	0	55
9	AA	4				
5	AA	-12				
6	DL	51	9	0	3	39
8	AS	-5				
8	F9	-10				
7	AA	-26				
12	AA	-2				
8	AA	-14				
1	AS	37	37	0	0	0
7	B6	-11				
2	WN	12				
1	NK	-5				
10	WN	-4				
5	AS	-19				
2	9E	-29				
12	9E	-20				
7	UA	-10				
3	AA	3				
6	DL	-9				
2	MQ	-4				
12	WN	-15				
4	OO	-4				
6	WN	18	6	0	0	12
2	AA	-3				
12	F9	180	0	0	0	180
10	UA	-1				
12	WN	30	11	0	1	18
4	MQ	21	0	0	0	21
10	WN	3				
3	F9	28	0	0	28	0
5	OO	7				
4	YX	-12				
12	B6	-7				
9	YX	-20				
2	WN	-18				
7	UA	30	0	30	0	0
3	WN	47	0	0	4	43
10	OO	-9				
6	WN	-10				
9	OH	-17				
11	UA	-10				
10	OO	90	90	0	0	0
11	DL	-24				
10	WN	83	6	0	2	75
11	AA	12				
6	WN	-11				
9	UA	36	0	0	36	0
10	MQ	26	0	8	4	14
10	OO	-9				
6	UA	2				
12	AA	4				
9	UA	57	57	0	0	0
4	MQ	-1				
3	NK	0				
10	DL	-8				
12	WN	-14				
1	AA	18	18	0	0	0
12	UA	13				
10	NK	-19				
4	F9	163	0	0	153	10
3	G4	218	10	0	7	201
7	DL	-12				
7	NK	-14				
4	DL	97	79	0	18	0
12	UA	-7				
10	DL	-10				
7	OH	-11				
10	UA	34	0	0	34	0
6	UA	39	39	0	0	0
4	DL	20	1	0	3	16
11	AA	-4				
7	9E	52	52	0	0	0
9	DL	-26				
11	UA	-2				
5	WN	-16				
8	DL	22	0	0	22	0
4	WN	41	0	0	41	0
7	AA	-8				
10	NK	-37				
11	AA	-16				
2	NK	-11				
5	F9	-22				
8	NK	-24				
7	OO	3				
10	WN	-10				
1	OO	10				
1	WN	-4				
3	DL	-1				
11	UA	-35				
3	NK	16	14	0	2	0
3	UA	-20				
8	OO	-17				
9	B6	89	0	0	29	60
3	YX	-4				
5	AA	189	189	0	0	0
6	NK	-18				
12	DL	-6				
7	DL	-6				
7	UA	1				
11	WN	-4				
2	YX	-15				
8	WN	-7				
10	OO	12				
7	UA	-13				
11	AS	-21				
10	AA	-13				
9	UA	7				
11	DL	-18				
4	DL	-35				
11	WN	-11				
7	UA	89	1	0	36	52
2	WN	16	16	0	0	0
6	WN	45	2	0	15	28
9	YX	-3				
9	OH	4				
1	DL	-2				
7	DL	13				
2	AA	7				
3	DL	-20				
9	AA	-24				
11	OO	-21				
5	AA	-19				
10	WN	21	0	0	0	21
5	MQ	-1				
6	WN	39	4	0	0	35
12	UA	-11				
4	WN	52	0	0	0	52
1	UA	81	8	0	0	73
9	WN	-16				
8	NK	64	0	26	1	37
10	AA	-16				
7	WN	13				
9	WN	30	0	0	17	13
9	AS	37	34	0	3	0
12	DL	-6				
8	NK	10				
10	MQ	-18				
11	AA	-10				
9	B6	-26				
8	DL	22	0	0	22	0
2	NK	-11				
10	F9	-4				
6	DL	67	0	0	0	67
3	AS	-2				
10	B6	-16				
10	YX	2				
9	HA	11				
10	OO	-13				
10	DL	9				
5	DL	-1				
12	OO	-32				
3	OO	-15				
12	DL	-19				
7	B6	192	178	0	14	0
1	AS	28	0	10	18	0
1	OO	-8				
4	AA	52	11	0	41	0
3	AA	8				
7	AA	-11				
11	WN	-5				
9	UA	-4				
10	AS	3				
10	HA	76	0	0	0	76
2	MQ	-1				
3	F9	0				
7	WN	-7				
7	DL	-14				
1	DL	-35				
10	OH	-13				
12	AA	-7				
7	UA	-1				
7	WN	23	23	0	0	0
8	B6	250	22	0	36	192
6	UA	-9				
10	MQ	31	0	0	5	26
9	WN	-20				
7	NK	18	0	0	18	0
6	G4	19	0	0	12	7
5	G4	-23				
2	YX	116	0	0	110	6
10	NK	124	15	0	7	102
5	AA	-17				
4	9E	-28				
4	OO	-10				
6	YX	-23				
4	OO	0				
2	UA	-13				
2	WN	27	0	0	27	0
5	AA	9				
4	UA	196	7	0	0	189
5	UA	-15				
12	MQ	-14				
2	OH	-4				
5	G4	0				
1	NK	45	43	0	1	0
3	DL	-34				
1	YX	-15				
1	NK	21	4	0	17	0
2	MQ	5				
1	DL	-15				
10	AA	-22				
11	AA	269	112	0	0	157
7	NK	163	0	0	101	62
3	YX	-29				
2	AS	7				
11	WN	-9				
8	DL	3				
12	OH	-20				
7	B6	39	11	0	0	28
4	AA	-27				
1	WN	-2				
5	UA	4				
11	OO	-7				
12	WN	-15				
12	UA	-31				
5	AA	4				
9	DL	-19				
5	UA	15	0	0	15	0
10	AA	-14				
6	WN	-3				
9	WN	9				
1	YX	-16				
5	AA	213	0	0	0	213
3	WN	-6				
9	DL	55	0	0	55	0
11	F9	-6				
4	NK	-5				
5	WN	5				
3	YX	-27				
12	AA	-14				
11	WN	30	16	0	0	14
9	AS	-19				
10	WN	-14				
4	DL	-19				
12	YX	-29				
12	WN	-1				
9	WN	-13				
4	YX	72	0	0	72	0
5	WN	-15				
11	YX	-19				
9	AA	18	0	0	18	0
8	WN	-4				
9	F9	-34				
4	NK	-11				
4	OO	87	87	0	0	0
11	DL	-23				
10	UA	10				
10	B6	-57				
11	YX	-15				
11	AA	-12				
7	UA	106	0	50	0	56
10	OO	0				
2	WN	4				
2	UA	25	2	0	6	17
2	WN	-15				
3	WN	-1				
10	AS	-14				
2	OO	-18				
9	OO	-15				
1	OH	-25				
7	AA	-19				
9	MQ	25	25	0	0	0
8	AA	-26				
6	YX	16	0	0	16	0
5	AA	62	21	0	41	0
6	OO	-5				
8	WN	14				
8	AA	-4				
6	F9	-5				
7	OO	-16				
11	WN	4				
12	AA	-10				
7	F9	21	0	12	0	9
8	WN	125	0	0	0	125
12	AA	5				
10	WN	-5				
7	UA	2				
12	OO	5				
9	AA	0				
3	OH	8				
8	AS	-14				
10	WN	-2				
8	AA	15	15	0	0	0
4	UA	14				
8	WN	-5				
5	F9	-10				
9	DL	-18				
4	AA	-14				
3	G4	-24				
5	B6	121	14	0	69	38
12	OO	-8				
9	DL	-1				
10	DL	-20				
12	YX	12				
7	G4	86	7	0	62	17
9	HA	-5				
4	OO	21	21	0	0	0
4	WN	5				
3	AA	-15				
12	DL	41	7	0	0	34
12	NK	172	7	0	6	159
11	9E	203	203	0	0	0
11	G4	38	9	0	0	29
5	NK	-19				
7	AS	-7				
7	OO	-8				
3	DL	216	0	0	0	216
5	9E	-17				
6	OO	3				
5	DL	-8				
4	OO	-9				
4	UA	-6				
7	WN	137	0	0	25	112
8	9E	-24				
8	WN	62	53	0	0	9
6	MQ	-13				
12	B6	151	76	0	5	70
5	AA	-8				
7	OO	5				
5	G4	16	12	0	4	0
11	WN	-5				
12	WN	-9				
8	WN	9				
11	AS	-25				
5	WN	-13				
2	OO	72	72	0	0	0
2	DL	8				
8	WN	5				
8	NK	-1				
6	AA	-15				
6	OH	-18				
12	B6	-10				
7	DL	-29				
1	AS	-6				
12	OO	-22				
1	YX	-13				
8	DL	-13				
3	WN	5				
4	DL	39	0	28	11	0
10	WN	-11				
5	UA	-6				
1	NK	4				
12	DL	-3				
5	AA	68	0	0	0	68
6	UA	2				
8	AA	13				
11	B6	-12				
3	OH	0				
3	9E	-18				
11	WN	0				
11	9E	38	0	0	15	23
5	DL	-6				
12	OO	-2				
6	WN	30	10	0	0	20
1	UA	-52				
11	AA	7				
6	DL	55	55	0	0	0
9	WN	-21				
6	NK	-23				
9	DL	-13				
6	OO	-11				
3	B6	6				
7	WN	-5				
8	AA	-13				
7	WN	-5				
1	F9	57	57	0	0	0
8	MQ	-18				
5	NK	-2				
1	WN	-4				
7	OO	51	51	0	0	0
10	WN	29	13	0	15	1
8	AA	40	1	0	26	13
1	WN	-13				
4	WN	-8				
10	WN	4				
11	OO	61	61	0	0	0
2	OO	-5				
1	YX	-28				
12	OO	-26				
12	F9	-2				
4	OO	-8				
12	WN	-16				
11	NK	-7				
5	DL	-19				
6	OO	-24				
11	OO	-32				
2	MQ	4				
11	DL	-7				
12	DL	3				
4	G4	105	0	0	105	0
1	AA	2				
5	B6	-17				
5	DL	-5				
4	WN	-2				
12	B6	-31				
1	WN	-20				
8	B6	12				
8	UA	-26				
8	UA	-10				
9	DL	-33				
8	AA	-12				
9	AA	-17				
12	AS	2				
1	WN	-3				
12	OO	-2				
10	OO	-30				
4	YX	-14				
5	AA	-8				
4	YX	-12				
7	AS	17	0	0	0	17
3	9E	7				
6	OH	-20				
2	WN	-5				
2	NK	0				
4	AA	-10				
9	WN	-6				
4	WN	-9				
3	NK	18	18	0	0	0
6	AA	16	0	0	1	15
5	NK	13				
7	OH	19	0	0	19	0
4	B6	-12				
3	AS	-10				
12	AA	14				
3	DL	-20				
7	WN	10				
6	UA	14				
4	WN	145	0	0	145	0
5	WN	17	17	0	0	0
10	F9	-33				
8	MQ	32	32	0	0	0
3	AS	-22				
7	UA	5				
4	OO	4				
11	OH	-8				
5	OO	34	34	0	0	0
3	UA	-10				
7	NK	20	0	0	20	0
10	AA	-17				
11	MQ	22	22	0	0	0
6	AA	77	0	42	35	0
8	F9	67	0	0	0	67
5	DL	6				
11	OO	75	68	0	7	0
9	AA	207	0	18	43	146
4	9E	59	0	0	0	59
12	YX	-34				
4	HA	13				
11	WN	-3				
6	UA	-19				
9	OO	9				
9	UA	-14				
11	WN	5				
8	AS	75	65	0	10	0
2	WN	-4				
3	NK	32	13	0	19	0
7	MQ	280	0	0	10	270
4	AA	10				
11	WN	10				
10	OO	-6				
11	WN	-15				
9	F9	2				
6	F9	-23				
11	NK	-14				
6	HA	-6				
10	WN	0				
8	NK	15	0	0	15	0
3	AA	1				
9	MQ	-19				
6	AA	-27				
10	DL	-11				
8	AA	26	0	0	2	24
5	AS	-6				
9	UA	25	0	0	25	0
7	9E	-30				
8	WN	-14				
7	AA	-14				
4	DL	-30				
11	WN	6				
9	DL	-9				
1	OO	-14				
9	NK	-29				
12	AA	22	0	0	8	14
1	DL	9				
7	9E	-36				
7	G4	56	0	0	53	3
2	DL	-34				
8	DL	-2				
1	UA	0				
11	OH	-15				
5	WN	-11				
1	DL	22	16	0	6	0
12	AA	24	0	0	24	0
5	UA	1				
8	DL	-8				
4	WN	28	10	0	0	18
6	F9	-3				
12	WN	-4				
2	AA	-22				
4	AA	-19				
9	WN	15	0	0	0	15
11	OH	-6				
12	WN	-11				
9	DL	7				
10	UA	7				
10	UA	-31				
8	AA	29	0	0	0	29
7	YX	87	0	87	0	0
10	NK	35	6	0	29	0
12	UA	-14				
10	UA	-28				
8	WN	-2				
2	OO	7				
3	DL	-3				
11	WN	-16				
1	AA	-11				
4	DL	0				
10	WN	-25				
9	UA	-24				
2	DL	-8				
12	YX	21	0	0	0	21
2	YX	-26				
12	AA	-10				
1	OO	-17				
11	UA	1				
3	MQ	14				
11	OO	23	0	0	3	20
3	NK	-4				
4	WN	-24				
7	WN	-10				
4	UA	13				
11	AA	20	20	0	0	0
8	AA	-22				
8	DL	-10				
4	9E	-21				
7	AA	-3				
8	AA	-18				
12	G4	160	0	0	10	150
5	WN	-9				
12	DL	6				
8	OH	-12				
8	F9	18	9	0	5	4
12	AS	31	0	0	0	31
10	UA	-17				
10	AA	-1				
9	WN	1				
12	MQ	-25				
8	B6	-4				
7	WN	28	28	0	0	0
6	9E	-12				
2	OO	19	19	0	0	0
8	OO	-32				
9	HA	-12				
8	WN	35	14	0	0	21
2	WN	-16				
9	WN	-1				
11	DL	-15				
12	WN	0				
3	NK	136	24	0	112	0
8	AS	-6				
1	UA	24	23	0	1	0
1	OO	-4				
10	WN	24	6	0	18	0
6	AA	14				
4	OO	-16				
8	AA	-35				
4	UA	5				
7	DL	-9				
3	OH	-3				
7	WN	-9				
2	UA	-12				
7	WN	-1				
3	UA	-16				
6	AA	-10				
8	DL	-18				
8	WN	-5				
3	DL	5				
4	YX	-7				
4	YX	-22				
9	UA	-13				
3	MQ	-8				
9	DL	-16				
4	UA	9				
5	AS	-7				
8	DL	-69				
4	DL	-13				
12	WN	-5				
11	F9	-22				
2	WN	-19				
3	DL	-6				
9	NK	-32				
11	NK	-3				
9	OO	-7				
7	UA	-7				
1	OH	-4				
5	OO	4				
8	DL	124	124	0	0	0
7	WN	-1				
10	WN	59	0	0	0	59
11	AA	40	40	0	0	0
10	WN	-9				
8	9E	-19				
10	AS	-19				
6	AA	22	12	0	0	10
3	WN	-8				
12	AA	8				
7	B6	45	11	0	0	34
12	WN	-11				
3	B6	-49				
10	AA	-6				
7	AA	2				
5	DL	-15				
4	UA	-19				
10	F9	-19				
6	DL	30	0	0	30	0
1	DL	-11				
5	AA	1				
3	AA	-26				
8	AS	-12				
4	OO	50	50	0	0	0
5	B6	-25				
7	OH	20	17	0	0	3
10	WN	27	26	0	1	0
12	OO	-21				
11	UA	-11				
8	WN	1				
7	OO	-16				
3	AA	27	0	0	10	17
6	B6	-23				
1	WN	-19				
1	DL	-30				
5	HA	44	0	0	44	0
1	B6	-21				
10	9E	-29				
11	NK	33	0	0	0	33
7	YX	-8				
4	WN	-20				
2	YX	-8				
5	DL	-8				
6	AA	32	11	0	11	10
5	MQ	-17				
8	HA	5				
2	AA	-27				
12	UA	-9				
12	9E	9				
4	B6	145	2	0	0	143
10	DL	4				
6	WN	3				
12	9E	-12				
4	MQ	-15				
4	UA	-27				
11	DL	-4				
4	WN	21	8	0	13	0
9	DL	-14				
3	DL	19	9	0	10	0
7	AA	-11				
3	WN	5				
3	DL	-1				
10	NK	-24				
5	NK	89	0	0	21	68
11	AS	-19				
3	WN	65	6	0	0	59
1	OO	0				
10	AA	57	57	0	0	0
3	HA	20	7	0	13	0
1	DL	19	0	0	19	0
1	YX	-22				
7	OO	-11				
1	AS	7				
3	YX	11				
8	OO	7				
8	AS	-11				
1	B6	-26				
5	WN	-8				
1	UA	100	0	9	75	16
6	WN	55	4	0	0	51
11	WN	-16				
12	NK	-7				
9	WN	11				
2	DL	-10				
6	UA	99	99	0	0	0
12	AA	31	31	0	0	0
1	NK	-4				
2	WN	-12				
3	WN	-6				
12	WN	-2				
12	WN	27	25	0	0	2
3	AA	77	7	0	33	37
2	AA	4				
8	WN	-5				
5	WN	-10				
7	WN	-4				
4	OO	-4				
7	AA	-15				
2	OO	-44				
12	B6	18	7	0	11	0
6	AA	46	4	0	0	42
10	9E	-19				
11	OO	-15				
5	UA	21	0	0	21	0
5	F9	41	0	0	19	22
9	WN	44	0	0	0	44
3	AA	73	0	0	0	73
9	F9	120	0	120	0	0
6	OH	10				
4	WN	1				
2	WN	-18				
6	MQ	-21				
10	YX	-3				
2	OO	70	70	0	0	0
7	UA	54	15	0	0	39
11	AA	9				
2	WN	-6				
6	OO	-12				
6	9E	22	22	0	0	0
4	AA	-14				
12	OO	-7				
8	AA	35	35	0	0	0
9	OO	-1				
2	B6	52	25	0	14	13
1	WN	-2				
11	AA	-17				
3	AA	52	52	0	0	0
8	WN	-15				
11	UA	-15				
11	OO	-16				
4	AA	6				
3	UA	32	0	0	32	0
9	AA	-8				
2	F9	5				
7	DL	186	186	0	0	0
3	B6	1				
2	B6	-29				
5	AS	-2				
11	WN	-7				
1	AA	48	26	0	9	13
8	AA	-7				
4	WN	-9				
4	AS	-12				
5	DL	-16				
11	DL	-12				
4	DL	-10				
8	WN	5				
11	OO	-18				
7	AS	-3				
8	UA	-17				
10	DL	-6				
12	WN	29	0	0	9	20
10	OO	-29				
5	YX	-19				
3	WN	-11				
8	9E	36	0	0	0	36
9	HA	17	8	0	0	9
12	WN	23	1	0	0	22
12	AA	-18				
10	UA	30	30	0	0	0
4	NK	25	0	0	1	15
8	DL	-4				
12	OO	-17				
8	DL	-11				
5	OH	15	0	0	15	0
4	AA	-15				
11	NK	185	185	0	0	0
10	YX	-21				
7	AS	-9				
2	DL	18	0	0	18	0
10	G4	-11				
10	DL	-18				
3	WN	19	0	0	0	19
6	MQ	-14				
11	WN	6				
6	DL	-4				
7	OO	14				
2	WN	9				
1	WN	1				
8	UA	-5				
5	WN	-20				
8	WN	-11				
5	AA	6				
1	OO	-3				
6	AS	-42				
5	F9	9				
6	OO	15	15	0	0	0
3	UA	199	166	0	25	8
2	UA	232	0	0	0	232
6	AA	30	30	0	0	0
2	OO	9				
9	DL	-18				
2	B6	0				
4	MQ	-13				
9	DL	0				
4	YX	9				
5	AA	-13				
1	YX	-17				
6	OO	-12				
7	WN	-9				
2	AA	-10				
11	AA	-11				
4	WN	-5				
12	WN	13				
12	DL	-20				
6	MQ	-6				
4	B6	-35				
2	MQ	11				
6	WN	15	7	0	0	8
11	F9	-21				
7	WN	34	0	0	34	0
7	DL	3				
12	UA	-20				
8	UA	-32				
8	NK	20	15	0	5	0
7	DL	4				
6	UA	-19				
2	WN	-3				
8	9E	27	0	0	27	0
3	DL	5				
6	DL	55	20	0	9	26
9	OO	-12				
5	NK	-9				
10	WN	-5				
4	WN	-14				
1	DL	1				
6	DL	16	1	0	0	15
6	AA	-7				
9	WN	-11				
3	AA	-13				
2	MQ	-18				
10	WN	13				
1	WN	0				
9	AA	24	11	0	0	13
5	AS	-7				
2	AS	-11				
6	OO	-33				
5	UA	106	59	0	0	47
2	AS	-14				
5	WN	-4				
3	B6	55	10	0	0	45
1	B6	3				
12	UA	-15				
5	AA	-11				
10	DL	-28				
8	G4	46	0	0	16	30
1	OO	1				
5	AA	37	37	0	0	0
3	DL	-7				
7	AA	-14				
7	MQ	23	0	0	23	0
7	NK	-7				
5	AA	47	5	0	0	42
2	WN	-13				
4	AA	0				
6	YX	18	0	0	18	0
5	AS	-10				
2	UA	-26				
11	WN	-10				
4	B6	-1				
1	DL	-15				
8	WN	-6				
4	AS	-15				
11	AA	-13				
8	DL	-16				
5	DL	20	0	0	20	0
7	9E	800	0	0	800	0
3	B6	44	5	0	2	37
9	9E	-31				
11	AS	-14				
8	WN	0				
12	WN	29	20	0	1	8
4	OO	-22				
6	OO	-21				
9	AA	7				
12	9E	-28				
7	DL	54	0	0	0	54
3	WN	14				
2	UA	-26				
5	AA	36	0	0	0	36
1	B6	-17				
7	AA	-13				
3	DL	35	4	0	0	31
1	WN	-15				
3	OO	4				
10	AA	2				
6	OO	7				
3	WN	-2				
4	F9	-1				
6	AS	29	14	0	15	0
8	YX	3				
9	AA	-16				
3	DL	-18				
5	OO	-14				
5	UA	107	0	0	0	107
10	DL	-8				
2	DL	-20				
9	OO	-22				
8	DL	-12				
8	DL	34	3	0	0	31
8	AS	84	0	61	23	0
9	AA	-6				
11	OO	-17				
4	WN	39	21	0	15	3
4	WN	-2				
1	UA	-2				
11	WN	95	0	0	0	95
3	HA	70	70	0	0	0
11	DL	2				
10	DL	-11				
2	B6	-18				
10	AA	105	4	0	100	1
12	WN	-9				
3	DL	0				
12	WN	-3				
8	AA	-10				
3	WN	9				
11	WN	-15				
8	DL	-34				
9	9E	-3				
8	NK	20	0	0	0	20
10	OO	151	0	0	0	151
6	OH	4				
10	B6	-21				
12	AS	-16				
11	DL	-13				
7	OO	-22				
12	MQ	-10				
4	WN	-8				
12	OO	-17				
4	NK	48	9	0	1	38
8	WN	10				
4	WN	133	25	0	0	108
11	OO	-2				
5	DL	-7				
9	UA	-23				
8	9E	-19				
3	WN	-6				
7	OO	90	0	0	11	79
10	UA	-9				
1	B6	-26				
11	UA	-4				
5	AA	-10				
5	AA	-16				
11	DL	8				
9	B6	84	0	0	84	0
7	WN	-26				
7	WN	21	21	0	0	0
4	AS	3				
3	B6	-7				
4	DL	8				
1	OO	69	69	0	0	0
2	WN	-10				
9	AS	53	0	0	33	20
10	UA	-5				
6	G4	-2				
11	DL	-11				
6	AA	-11				
9	WN	-7				
11	WN	12				
9	WN	68	0	0	58	10
5	UA	22	9	0	8	5
6	OO	-17				
7	AA	-12				
7	AS	2				
11	DL	8				
9	G4	11				
5	OH	0				
3	UA	-2				
12	DL	-18				
7	NK	4				
10	WN	-11				
12	WN	3				
12	WN	21	0	0	21	0
12	G4	-4				
10	DL	-15				
5	WN	-15				
8	MQ	5				
5	9E	1				
5	NK	11				
9	DL	-36				
7	HA	-1				
8	AA	17	17	0	0	0
7	WN	-11				
2	OO	-18				
6	WN	120	25	0	0	95
2	WN	21	3	0	4	14
2	AA	-10				
6	OH	21	1	0	20	0
10	WN	-10				
2	UA	3				
8	WN	-1				
12	AS	18	0	0	18	0
4	B6	-4				
12	WN	-16				
9	WN	39	11	0	9	19
2	OO	-25				
6	WN	-9				
8	DL	-7				
8	YX	16	0	0	16	0
10	UA	-15				
2	OO	-10				
9	WN	-14				
1	UA	13				
8	B6	-8				
10	DL	-15				
12	UA	-16				
8	WN	-5				
9	YX	20	0	0	20	0
8	AS	14				
10	OO	79	79	0	0	0
9	WN	-10				
10	WN	-15				
11	DL	-3				
10	DL	-22				
2	B6	-18				
8	AS	-22				
7	WN	-9				
7	OH	8				
8	WN	-13				
8	F9	-11				
11	G4	16	7	0	0	9
4	AA	-3				
4	UA	12				
8	AA	-22				
2	DL	-16				
11	AS	-19				
9	WN	-2				
8	9E	20	0	0	20	0
10	DL	-5				
10	WN	28	15	0	10	3
11	OO	-14				
10	NK	-13				
1	WN	27	23	0	0	4
3	WN	99	3	0	0	96
8	AA	35	0	0	12	20
4	MQ	-4				
11	MQ	-17				
5	AA	-14				
5	WN	-6				
9	AA	6				
2	9E	-30				
1	UA	67	9	0	0	58
2	DL	23	23	0	0	0
7	WN	-1				
1	B6	0				
10	WN	-5				
4	YX	-10				
11	MQ	-5				
11	DL	-26				
10	AA	-4				
7	AA	76	1	0	54	21
1	AA	-12				
4	WN	-15				
12	UA	7				
2	AA	-26				
12	UA	-9				
10	AA	38	28	0	10	0
9	WN	5				
10	MQ	18	12	0	0	6
10	WN	-2				
6	HA	-4				
7	AA	45	20	0	25	0
8	WN	14				
6	DL	274	212	45	17	0
4	AA	-6				
3	DL	5				
9	OO	6				
4	OO	19	19	0	0	0
8	WN	-12				
7	F9	37	20	0	1	16
12	AA	-3				
7	AA	-15				
4	WN	-1				
11	YX	-8				
1	WN	5				
5	OH	-17				
6	DL	-4				
7	AA	-4				
12	UA	29	0	0	29	0
7	OO	-4				
11	YX	-9				
6	OO	-16				
9	DL	168	0	146	22	0
10	AS	-24				
5	DL	-9				
11	OO	-11				
8	NK	-13				
6	B6	20	19	0	1	0
10	NK	-21				
7	NK	13				
9	OO	-12				
12	DL	-12				
11	OO	-14				
5	AS	-15				
4	UA	18	15	0	3	0
12	AA	-6				
4	YX	-14				
1	AS	37	0	0	37	0
2	AA	-14				
6	UA	32	6	0	26	0
10	OO	42	42	0	0	0
5	AA	-13				
7	AS	-16				
6	WN	-16				
11	YX	-10				
4	YX	-9				
4	DL	-11				
7	OO	-22				
9	B6	-19				
3	UA	-20				
8	AA	-18				
1	WN	-11				
10	UA	-20				
12	OO	40	40	0	0	0
11	F9	-19				
1	WN	-16				
8	WN	-5				
5	DL	46	46	0	0	0
9	DL	-9				
8	DL	25	25	0	0	0
4	AA	-12				
6	9E	-17				
9	WN	-12				
12	WN	0				
3	B6	-1				
6	WN	-4				
8	AA	-26				
2	OO	-7				
2	AA	-10				
2	AS	192	187	0	5	0
3	B6	-17				
8	DL	15	15	0	0	0
10	WN	-5				
4	YX	-11				
3	DL	6				
8	OO	0				
6	DL	-2				
8	NK	43	43	0	0	0
1	AA	11				
1	OO	8				
6	MQ	-5				
2	AA	-1				
11	UA	-7				
6	G4	-29				
10	AS	-8				
11	AS	74	60	0	14	0
6	WN	6				
3	AA	-8				
11	UA	-9				
12	WN	7				
9	G4	1				
2	DL	-15				
7	UA	-14				
11	AA	-4				
6	AA	-2				
4	OO	-2				
2	NK	-21				
1	WN	20	3	0	0	17
7	UA	123	48	0	0	75
2	WN	-6				
9	9E	-22				
10	DL	-4				
3	AA	1				
7	AA	-16				
11	NK	34	12	0	22	0
5	UA	83	7	0	0	76
12	F9	-15				
5	WN	10				
11	YX	-29				
2	B6	-21				
6	B6	-24				
5	UA	-3				
8	WN	-16				
5	AA	-40				
12	HA	-2				
5	AA	-16				
5	UA	-4				
4	NK	124	7	0	117	0
12	F9	-18				
3	OH	10				
6	WN	-1				
10	UA	-1				
11	F9	-32				
3	WN	27	26	0	0	1
8	WN	-23				
8	OO	-14				
4	AA	50	25	0	0	25
7	UA	98	1	0	0	97
6	NK	-3				
8	OH	1				
4	DL	8				
10	WN	19	4	0	0	15
6	OO	-25				
3	UA	-6				
11	AA	3				
7	WN	25	0	0	0	25
7	DL	67	67	0	0	0
12	DL	45	7	0	0	38
8	WN	-13				
1	WN	-8				
1	AA	4				
8	MQ	-2				
10	DL	-15				
11	AA	-9				
12	OO	9				
1	OO	-9				
2	DL	-16				
1	DL	-12				
1	AA	-9				
3	DL	-14				
11	DL	-15				
7	WN	-18				
3	AA	-27				
2	YX	-13				
10	OO	0				
5	UA	-56				
9	DL	-8				
6	DL	-6				
11	OH	1				
1	YX	41	0	0	41	0
3	MQ	-11				
11	DL	-20				
9	MQ	78	3	0	0	75
9	OO	-12				
3	DL	8				
5	DL	-13				
12	WN	-13				
5	UA	-7				
5	WN	53	18	0	0	35
1	AA	-11				
11	OO	-15				
5	AA	-14				
12	OO	-13				
1	YX	-23				
6	AA	10				
10	WN	-13				
5	WN	-15				
8	AA	-9				
9	NK	18	18	0	0	0
12	NK	3				
12	OO	6				
6	AS	-15				
7	WN	21	0	0	8	13
7	WN	0				
10	NK	21	0	0	3	18
12	DL	-12				
10	MQ	-18				
10	9E	-19				
6	WN	9				
9	AA	3				
4	WN	44	39	0	0	5
5	DL	-2				
5	AA	156	37	0	0	119
7	WN	0				
6	DL	-9				
8	UA	-18				
5	F9	6				
6	UA	3				
3	OO	-10				
8	AA	-14				
7	AA	-6				
7	WN	62	12	0	8	42
6	WN	-19				
11	9E	-11				
5	DL	57	35	0	22	0
6	9E	101	101	0	0	0
9	WN	7				
11	DL	9				
2	NK	-31				
1	UA	-2				
12	WN	3				
12	9E	-21				
2	UA	-21				
7	UA	38	34	0	0	4
2	NK	8				
3	DL	-10				
12	UA	-16				
6	DL	76	0	0	0	76
1	NK	-27				
2	UA	4				
8	YX	-15				
10	DL	7				
6	DL	103	0	0	0	103
12	WN	-16				
11	WN	-12				
7	MQ	-5				
7	OO	1				
1	WN	-20				
7	WN	-26				
3	AA	0				
3	HA	8				
10	B6	-14				
10	UA	-3				
3	OO	-22				
2	WN	-14				
8	YX	-16				
12	WN	-19				
4	MQ	-14				
4	UA	-28				
11	9E	-25				
1	AA	-9				
12	YX	2				
11	MQ	-11				
5	AA	-21				
4	AS	61	26	0	35	0
5	YX	-10				
10	WN	7				
2	UA	-25				
8	DL	-14				
1	DL	-5				
7	OO	7				
3	DL	-21				
9	DL	-20				
7	AS	-16				
11	OO	-3				
10	WN	55	2	0	3	50
4	9E	-9				
1	G4	-13				
5	NK	3				
11	WN	0				
8	WN	-2				
1	AA	-22				
3	UA	-10				
8	WN	-19				
10	AA	-26				
9	NK	80	0	0	80	0
2	UA	120	104	0	16	0
1	WN	1				
2	OO	-24				
8	DL	2				
12	F9	-7				
12	WN	-17				
11	OO	8				
12	WN	-11				
3	B6	16	9	0	7	0
12	WN	24	0	0	0	24
1	UA	-6				
5	OH	-19				
2	HA	14				
10	9E	-30				
9	WN	-9				
7	UA	72	24	0	0	48
3	WN	58	0	0	58	0
8	F9	103	0	0	0	103
7	AA	46	0	0	0	46
8	MQ	5				
1	NK	-17				
9	WN	-16				
11	WN	-16				
7	G4	-28				
6	UA	-5				
4	HA	27	27	0	0	0
1	WN	8				
8	WN	-2				
4	AS	-3				
6	DL	18	6	0	0	12
6	OO	-3				
9	AA	-13				
6	NK	-29				
3	NK	-20				
11	WN	-8				
12	9E	82	44	0	0	38
11	UA	-15				
5	WN	-16				
8	DL	1				
9	HA	-4				
4	DL	-5				
4	WN	10				
3	WN	-4				
10	AS	-21				
12	UA	-5				
8	DL	37	37	0	0	0
10	AA	-30				
5	WN	-4				
5	WN	31	0	0	31	0
10	UA	164	164	0	0	0
10	DL	-36				
9	B6	-32				
4	AA	8				
6	UA	-9				
9	B6	-30				
5	9E	-27				
8	DL	-2				
4	DL	-2				
3	9E	5				
12	AA	-31				
5	AS	-3				
9	NK	4				
8	WN	12				
4	B6	-59				
6	DL	-4				
5	OO	-3				
8	DL	45	0	0	45	0
10	AS	26	3	0	4	19
9	WN	-1				
10	WN	-12				
12	B6	15	15	0	0	0
11	WN	2				
4	MQ	24	0	0	24	0
7	DL	85	2	0	38	45
1	WN	19	0	0	5	14
7	WN	-27				
12	UA	71	0	0	71	0
4	OO	43	43	0	0	0
10	WN	-1				
3	WN	-11				
11	UA	-15				
8	UA	103	0	0	103	0
4	UA	-28				
11	WN	42	1	0	6	35
11	WN	7				
1	WN	-14				
11	AA	7				
12	WN	9				
3	WN	-12				
9	WN	-12				
8	YX	53	0	0	0	53
7	UA	11				
1	WN	-7				
6	DL	-11				
8	B6	4				
3	UA	17	14	0	0	3
7	NK	-8				
8	NK	9				
10	9E	-11				
11	UA	36	36	0	0	0
7	WN	-11				
7	AS	4				
4	WN	-16				
6	AA	2				
8	AS	52	0	0	52	0
3	AA	5				
12	UA	-2				
11	DL	-36				
2	AA	-15				
11	UA	-12				
12	WN	-4				
5	DL	10				
7	NK	78	0	72	6	0
7	UA	-10				
2	WN	-14				
7	MQ	-17				
10	WN	69	44	0	0	25
9	UA	-16				
1	DL	-12				
12	OO	-4				
2	WN	-11				
11	UA	15	13	0	2	0
1	UA	-13				
8	YX	-30				
10	DL	-10				
5	DL	-29				
1	HA	33	9	0	0	24
6	WN	-2				
11	AS	-40				
8	WN	-8				
9	UA	-2				
3	DL	7				
9	WN	-9				
5	UA	4				
5	OO	-27				
4	YX	-32				
5	AA	65	5	0	0	60
7	YX	-10				
3	AA	10				
1	WN	55	18	0	0	37
8	UA	135	5	0	2	128
8	DL	-13				
6	AA	-6				
7	WN	-6				
9	NK	-23				
10	OO	-29				
2	F9	100	0	0	0	100
3	WN	-11				
7	B6	210	210	0	0	0
12	YX	-5				
12	F9	-1				
11	UA	-14				
9	WN	-22				
3	UA	-13				
7	DL	124	124	0	0	0
4	DL	-2				
7	AA	48	0	48	0	0
7	MQ	-20				
3	WN	54	45	0	0	9
2	AA	-15				
6	OO	-18				
6	AA	63	1	0	0	62
12	9E	25	0	0	25	0
1	OO	267	0	0	0	267
11	UA	-13				
7	OH	17	0	0	17	0
3	OH	-7				
10	G4	-23				
10	G4	-5				
10	WN	41	14	0	26	1
3	DL	7				
11	WN	-15				
12	WN	-12				
6	DL	-29				
8	NK	-13				
9	YX	-27				
11	YX	-4				
12	AA	-11				
8	OO	68	0	0	0	68
7	DL	71	18	0	0	53
11	DL	-3				
11	AA	25	12	0	13	0
4	OO	-17				
11	G4	-17				
8	DL	76	0	0	0	76
6	HA	-5				
7	NK	0				
3	NK	30	0	0	30	0
2	WN	-20				
9	WN	-13				
9	DL	-16				
3	WN	-16				
7	B6	-8				
9	OO	16	16	0	0	0
2	WN	-19				
10	DL	20	17	0	3	0
10	AS	-12				
10	HA	35	0	0	0	35
5	OO	-9				
10	UA	-2				
1	YX	67	60	0	7	0
8	WN	19	1	0	0	18
11	9E	-34				
1	YX	-19				
6	UA	-9				
10	AS	-4				
9	B6	-12				
12	AS	0				
8	NK	-4				
6	WN	11				
12	DL	-21				
10	WN	-21				
1	UA	-17				
11	AA	-10				
4	UA	-22				
12	OH	-19				
1	UA	-11				
8	WN	30	17	0	0	13
5	9E	-21				
3	WN	138	0	0	137	1
1	UA	6				
5	WN	8				
10	OO	-2				
7	YX	30	28	0	0	2
10	MQ	-21				
7	WN	221	82	0	0	139
4	NK	-15				
8	DL	18	18	0	0	0
12	OO	122	0	0	122	0
5	UA	9				
7	AA	-2				
4	AA	73	0	44	29	0
4	OO	-12				
3	OH	107	21	0	0	86
12	DL	-8				
3	MQ	-3				
4	DL	2				
8	WN	-9				
3	G4	-17				
4	OO	17	17	0	0	0
5	OO	6				
3	WN	-16				
1	DL	-12				
6	DL	-10				
11	AA	-13				
10	AA	-3				
10	DL	-15				
11	AS	-14				
9	DL	-23				
1	NK	11				
7	UA	-1				
10	NK	-22				
11	DL	-32				
9	WN	8				
10	OO	23	23	0	0	0
11	WN	-11				
12	WN	27	8	0	4	15
3	OO	-9				
4	UA	-29				
6	OO	80	80	0	0	0
3	9E	37	0	0	37	0
6	AA	-10				
12	WN	20	0	0	20	0
10	AA	-4				
7	UA	4				
10	UA	-12				
4	OH	-12				
6	DL	29	9	0	20	0
7	NK	0				
3	AS	3				
5	WN	-20				
3	WN	-13				
11	AA	-8				
2	OH	-21				
5	NK	6				
4	YX	58	0	0	0	58
10	DL	-5				
8	WN	-16				
5	DL	13				
8	OH	-20				
5	WN	-15				
10	MQ	-22				
9	WN	17	0	0	5	12
12	MQ	-21				
4	F9	77	48	0	0	29
8	UA	134	16	0	0	118
4	WN	19	0	0	19	0
6	9E	-5				
12	WN	-11				
8	WN	-12				
9	AS	124	0	0	124	0
7	DL	-10				
8	YX	26	0	0	26	0
1	WN	-2				
7	AS	-17				
8	WN	5				
6	WN	6				
5	DL	-7				
6	AA	-14				
12	DL	-15				
3	OH	22	0	0	22	0
10	DL	0				
11	WN	-10				
1	WN	18	1	0	0	17
4	AA	-46				
1	AS	38	0	0	38	0
5	F9	40	4	0	0	36
10	AA	-10				
8	UA	-22				
12	WN	8				
6	WN	11				
5	WN	-3				
6	DL	-8				
4	OO	5				
1	B6	-36				
8	G4	-3				
3	WN	7				
12	DL	-2				
3	YX	-20				
10	MQ	10				
4	AA	55	49	0	0	6
10	DL	-10				
2	DL	-20				
6	DL	48	48	0	0	0
8	WN	-6				
5	AA	-21				
9	OO	-17				
2	OO	135	0	0	0	135
3	UA	-15				
4	AA	-13				
9	OO	1				
11	G4	-29				
8	AA	-16				
9	F9	8				
7	AS	-11				
2	DL	95	95	0	0	0
5	OO	-19				
8	AA	-28				
7	UA	-2				
5	YX	-17				
2	AA	-28				
11	AS	6				
6	WN	-3				
2	NK	3				
6	F9	94	22	0	5	67
12	OH	-8				
12	WN	-10				
7	WN	-12				
3	WN	3				
2	DL	-15				
8	AA	-10				
3	WN	-5				
7	DL	0				
11	UA	-27				
4	WN	-2				
12	UA	-14				
7	OO	10				
3	AA	24	0	0	1	23
3	WN	15	0	0	3	12
4	WN	-16				
9	WN	-5				
8	WN	-3				
6	WN	27	6	0	0	21
6	G4	-8				
6	AS	-16				
10	UA	118	5	0	42	71
12	YX	-33				
6	WN	106	0	42	13	51
5	UA	207	0	0	0	207
1	B6	-24				
2	DL	0				
5	DL	-9				
1	WN	14				
4	WN	-8				
8	WN	-7				
10	MQ	-14				
7	B6	-5				
6	F9	81	6	0	0	75
6	YX	-11				
3	DL	29	0	0	29	0
3	NK	407	9	0	398	0
7	UA	-16				
7	WN	23	23	0	0	0
12	OO	-10				
6	WN	146	10	0	0	136
5	DL	-14				
3	DL	-8				
12	OO	-7				
7	AA	29	1	0	28	0
12	OO	-33				
5	AA	-13				
3	G4	2				
12	MQ	4				
7	G4	68	0	62	6	0
9	DL	18	14	0	4	0
8	AA	7				
1	B6	80	34	0	4	42
7	WN	51	0	0	5	46
3	AA	7				
9	OO	-8				
3	NK	3				
7	DL	2				
6	AA	14				
4	DL	4				
8	AS	1				
11	9E	-24				
1	UA	-26				
2	DL	-2				
12	WN	332	27	0	0	305
8	AA	-25				
8	WN	-7				
3	WN	52	38	0	0	14
10	OO	-4				
7	YX	18	18	0	0	0
10	UA	-5				
1	WN	-20				
2	AA	-7				
7	B6	-25				
2	AA	-20				
12	B6	-4				
10	AA	-18				
9	DL	-12				
1	NK	-5				
9	DL	-21				
9	WN	3				
5	OO	-21				
3	NK	2				
11	WN	27	21	0	0	6
9	DL	-9				
5	WN	13				
5	WN	-21				
6	WN	25	0	0	7	18
4	DL	-4				
6	DL	-10				
11	DL	15	15	0	0	0
10	WN	1				
11	DL	-11				
2	WN	112	92	0	0	20
10	DL	-11				
1	UA	-11				
4	F9	-23				
1	WN	-3				
3	AA	-16				
10	WN	7				
6	WN	-3				
5	WN	-3				
8	WN	-9				
9	WN	-1				
1	OH	3				
1	UA	-5				
10	MQ	6				
11	AA	-10				
8	9E	-14				
1	UA	6				
11	WN	5				
6	YX	-25				
5	WN	8				
8	AS	35	0	0	35	0
6	WN	-8				
9	OO	-17				
1	UA	-23				
12	WN	-9				
12	AA	-10				
12	YX	-19				
10	F9	-17				
4	B6	4				
12	YX	-17				
1	AS	5				
8	NK	-5				
1	OO	120	0	0	0	120
2	B6	-35				
2	UA	9				
2	UA	-6				
8	DL	36	36	0	0	0
7	AA	2				
12	AA	85	13	0	2	70
2	DL	6				
8	UA	8				
7	WN	16	16	0	0	0
6	WN	12				
1	DL	-35				
7	YX	-2				
8	DL	-17				
6	DL	24	24	0	0	0
8	OO	-11				
7	UA	33	15	0	18	0
5	MQ	-22				
6	DL	-1				
10	OO	26	26	0	0	0
4	AA	0				
11	OO	-16				
8	B6	195	167	0	0	28
11	UA	-8				
8	DL	-2				
10	OO	-1				
9	WN	-18				
9	B6	-34				
5	DL	-17				
4	OO	-27				
11	OO	15	0	0	11	4
5	OO	-37				
10	UA	3				
2	OO	-21				
3	DL	-28				
4	WN	2				
10	AA	0				
1	WN	23	0	0	23	0
3	AA	-14				
4	AS	30	30	0	0	0
3	DL	111	0	0	0	111
4	OO	-15				
5	AA	-16				
12	DL	-15				
4	DL	-41				
3	OH	37	22	0	5	10
7	DL	-11				
2	AS	-42				
6	WN	70	27	0	0	43
2	YX	-17				
10	DL	-12				
9	AS	0				
11	OO	-9				
6	WN	-13				
9	OO	50	0	0	0	50
12	OO	6				
12	WN	-12				
4	YX	-16				
12	HA	-6				
3	WN	-1				
6	OO	2				
7	DL	5				
2	OO	-21				
2	UA	2				
9	UA	-17				
2	WN	-17				
11	AA	32	17	0	0	15
11	AA	12				
12	MQ	-33				
12	UA	-14				
6	OH	-19				
11	MQ	-3				
8	WN	-4				
11	AA	20	2	0	2	16
1	OO	76	0	0	76	0
3	DL	20	2	0	0	18
1	WN	-7				
9	DL	-14				
6	WN	69	0	0	69	0
12	DL	-17				
1	9E	-9				
4	B6	-25				
9	AS	-16				
9	AA	1				
4	UA	15	0	0	15	0
4	UA	-26				
2	DL	-4				
8	WN	-11				
7	OH	66	0	0	13	53
12	YX	-16				
8	UA	-12				
11	WN	-14				
10	WN	-14				
9	OH	-4				
1	WN	-1				
8	DL	-11				
8	WN	-25				
8	AA	-29				
12	OO	-19				
3	DL	6				
4	OH	57	0	56	1	0
2	B6	-12				
12	B6	-10				
2	WN	-22				
3	B6	-13				
8	DL	-18				
10	YX	6				
12	AA	13				
1	MQ	-42				
2	B6	-11				
7	YX	4				
7	WN	-7				
5	UA	31	31	0	0	0
9	UA	-15				
4	WN	-13				
11	WN	-17				
10	AA	-27				
2	OH	7				
8	OO	-19				
3	WN	-15				
12	DL	-21				
10	WN	-8				
9	OO	-27				
7	UA	-5				
9	OH	-6				
12	NK	-18				
11	WN	-28				
9	OO	0				
7	DL	16	0	16	0	0
4	WN	2				
1	YX	-4				
10	WN	-4				
7	DL	-5				
7	DL	-5				
10	DL	-16				
5	NK	2				
8	9E	-47				
5	DL	142	142	0	0	0
7	DL	-15				
5	DL	-20				
2	DL	32	10	0	4	18
7	HA	6				
5	AA	13				
1	MQ	-3				
8	NK	0				
11	OO	-11				
4	MQ	-32				
7	WN	-5				
8	OO	-30				
11	WN	5				
6	UA	20	0	0	20	0
12	AA	-1				
6	OO	-7				
12	OO	-2				
4	YX	-23				
11	WN	-2				
6	AA	3				
4	DL	-1				
8	OO	-6				
4	AA	4				
9	WN	4				
10	WN	-24				
12	UA	-15				
2	F9	-4				
10	UA	0				
2	WN	-15				
4	NK	-8				
5	DL	32	0	0	1	31
1	NK	207	207	0	0	0
10	B6	-20				
8	AA	-28				
1	AS	-2				
6	DL	5				
10	WN	-6				
5	WN	-3				
1	B6	-25				
7	DL	-3				
11	AA	-6				
7	AS	-21				
4	WN	10				
3	OO	2				
2	WN	-24				
8	9E	1				
2	OH	-3				
8	F9	6				
1	HA	-6				
7	AA	-17				
3	WN	32	29	0	3	0
7	OO	-30				
9	WN	18	0	0	18	0
2	AA	-12				
8	UA	-9				
11	UA	-6				
9	AA	-20				
2	WN	-4				
3	9E	4				
2	OO	-8				
5	DL	-12				
7	WN	166	9	0	6	151
2	UA	26	7	0	19	0
11	AA	-14				
5	WN	-10				
6	AS	-7				
11	AA	-2				
2	NK	-4				
4	OH	16	2	0	14	0
7	WN	49	49	0	0	0
4	OO	-12				
4	UA	3				
10	DL	-14				
7	OO	-25				
9	MQ	-19				
12	WN	-5				
2	DL	8				
4	UA	-20				
8	OO	-3				
9	OO	11				
6	AA	79	79	0	0	0
12	UA	20	0	0	20	0
8	F9	60	0	58	2	0
2	OO	2				
1	UA	-25				
9	WN	-2				
4	AS	339	339	0	0	0
4	DL	-4				
8	WN	-11				
7	OO	-6				
9	B6	-22				
12	NK	29	29	0	0	0
7	UA	-8				
4	DL	13				
2	WN	-2				
2	UA	-4				
10	DL	-17				
3	DL	-4				
7	OH	-18				
5	UA	20	20	0	0	0
7	YX	-15				
11	B6	-12				
6	WN	23	5	0	0	18
2	AA	-20				
6	AA	-6				
7	DL	27	0	0	0	27
7	HA	13				
11	UA	-11				
2	WN	-30				
11	9E	3				
4	WN	-3				
9	WN	-4				
11	YX	-19				
3	WN	-20				
9	WN	15	0	0	0	15
2	WN	-8				
5	G4	23	0	0	0	23
8	UA	7				
3	UA	26	0	0	0	26
9	WN	-14				
10	DL	0				
6	WN	-1				
2	WN	21	15	0	6	0
3	OO	-5				
1	AA	34	7	0	27	0
11	AA	-1				
2	UA	46	36	0	10	0
5	UA	9				
5	UA	-12				
7	WN	107	12	0	0	95
8	OO	2				
12	AA	-32				
12	YX	-22				
5	OO	35	35	0	0	0
9	OO	-18				
6	DL	73	73	0	0	0
9	F9	1				
1	WN	-26				
7	B6	154	79	0	11	64
6	9E	-2				
9	WN	-2				
3	UA	21	13	0	0	8
7	G4	-13				
8	WN	63	0	0	0	63
12	OO	27	27	0	0	0
3	MQ	0				
12	WN	-25				
12	DL	-5				
4	AS	-6				
11	WN	-27				
7	UA	87	0	0	0	87
7	AA	49	49	0	0	0
3	WN	16	0	0	16	0
3	DL	-11				
9	AA	18	18	0	0	0
5	WN	11				
1	YX	-24				
2	DL	-5				
7	YX	13				
11	WN	-19				
11	AA	7				
3	WN	20	3	0	0	17
5	UA	110	41	0	0	69
12	AA	-3				
4	B6	-5				
8	WN	27	7	0	10	10
8	WN	45	18	0	0	27
9	UA	17	17	0	0	0
7	WN	-7				
2	DL	-17				
5	WN	-22				
6	DL	-5				
12	UA	-40				
3	9E	12				
7	DL	-13				
10	WN	14				
10	OO	42	0	42	0	0
7	UA	7				
8	AA	2				
3	MQ	11				
9	AA	-9				
7	OO	0				
11	WN	-1				
1	OH	-3				
6	AA	-19				
5	DL	47	0	0	0	47
5	AA	6				
1	DL	74	74	0	0	0
4	OH	11				
2	NK	-9				
1	WN	-27				
7	AA	217	23	0	0	194
9	DL	-20				
10	UA	-11				
6	AA	-1				
10	DL	-20				
10	DL	-14				
3	WN	19	0	0	0	19
2	AA	1				
6	DL	-15				
9	AA	-14				
3	AA	-3				
6	WN	29	7	0	0	22
3	NK	18	0	0	18	0
7	AA	55	0	0	55	0
8	WN	6				
8	DL	1				
2	OO	-33				
5	WN	5				
12	WN	4				
8	OO	2				
12	UA	-5				
10	YX	-21				
11	WN	-18				
11	DL	-25				
5	AA	-14				
5	MQ	-13				
12	OO	65	0	0	0	65
9	WN	62	0	0	0	62
10	AS	-20				
4	WN	-2				
10	AA	8				
8	AS	62	62	0	0	0
4	WN	-15				
5	YX	-17				
6	DL	1				
8	WN	-9				
8	OO	-15				
12	OH	-13				
1	B6	65	63	0	2	0
8	AA	-29				
6	DL	-34				
1	WN	10				
2	UA	-14				
7	YX	22	0	0	22	0
2	WN	9				
7	DL	-27				
8	UA	-21				
3	WN	17	0	0	17	0
7	OO	51	0	0	51	0
3	OH	-4				
9	NK	5				
2	AA	-13				
7	WN	8				
2	AA	-4				
3	B6	-22				
4	UA	-11				
11	YX	-11				
2	WN	76	0	0	2	74
8	AA	-15				
9	AA	-17				
6	OH	10				
7	UA	-14				
4	AA	-2				
9	WN	-12				
1	WN	5				
3	MQ	-9				
7	OO	24	0	0	24	0
5	UA	-2				
2	OO	22	22	0	0	0
5	DL	20	15	0	5	0
7	OO	-9				
11	AA	-6				
3	WN	-24				
9	OO	-13				
7	DL	-18				
11	OO	-21				
8	UA	295	89	0	0	206
3	UA	-2				
11	HA	-10				
11	AA	0				
4	UA	-16				
10	DL	-8				
9	F9	30	25	0	5	0
2	9E	-19				
6	AA	-9				
7	UA	14				
9	YX	-20				
10	UA	-13				
12	AS	17	0	0	17	0
9	UA	6				
12	DL	1				
4	UA	16	4	0	0	12
6	DL	-9				
10	OH	-14				
12	AA	-12				
1	OO	-15				
1	UA	29	29	0	0	0
12	UA	-14				
8	AA	6				
2	WN	-6				
6	YX	44	23	0	21	0
1	DL	-9				
3	B6	-5				
3	YX	-5				
4	OH	44	0	0	0	44
1	DL	-19				
9	WN	46	2	0	0	44
11	AS	-17				
7	WN	24	20	0	4	0
5	WN	29	1	0	0	28
11	DL	-15				
12	AA	11				
1	OO	1				
12	WN	-15				
6	WN	-13				
2	AA	-15				
7	WN	-7				
2	WN	5				
7	UA	37	23	0	14	0
9	AA	-1				
4	AA	42	26	0	0	16
10	WN	33	17	0	0	16
5	B6	15	14	0	1	0
6	YX	21	0	0	21	0
12	WN	10				
6	WN	157	11	0	1	145
1	B6	23	0	0	23	0
3	WN	25	0	0	0	25
11	B6	-25				
6	B6	28	23	0	5	0
1	WN	15	15	0	0	0
2	DL	-14				
7	AA	11				
6	OH	5				
7	WN	132	116	0	0	16
4	G4	19	0	0	19	0
8	UA	-6				
6	OO	-8				
7	AS	-10				
8	DL	-31				
4	OO	-5				
11	OO	8				
2	OO	49	49	0	0	0
10	WN	-12				
9	OO	-20				
9	WN	-6				
2	F9	5				
12	WN	-5				
8	MQ	-3				
11	B6	-1				
7	WN	11				
7	UA	-2				
9	AS	-5				
1	OH	-19				
4	WN	-11				
3	AA	-9				
9	DL	-24				
